rotten_tomatoes_link,critic_name,top_critic,publisher_name,review_type,review_score,review_date,review_content
m/delta_road,Anna Kowal,True,Northside Review,Rotten,3/10,2022-08-12,"A disappointing misfire that never finds its footing, and the third act abandons its own rules. (Review 1)"
m/epsilon_anthem,Anna Kowal,True,Northside Review,Fresh,9,2020-08-02,"A gorgeous, patient picture with a startling final act, and the script respects its own premise. (Review 2) Verdict: 9."
m/hollow_harvest,Anna Kowal,True,Northside Review,Fresh,85%,2023-03-10,"A sharp, moving film with terrific performances and real momentum, and it finds humour without undercutting the drama. (Review 3)"
m/gamma_orbit,Anna Kowal,True,Northside Review,Rotten,1/4,2022-10-07,"Handsomely mounted and entirely inert, and every twist arrives twenty minutes after you saw it coming; the humour is broad and joyless. (Review 4)"
m/delta_road,Anna Kowal,True,Northside Review,Fresh,B,2021-09-05,"An absolute delight from the first frame to the last, and the score is used sparingly and lands hard; the score is used sparingly and lands hard. (Review 5)"
m/epsilon_road,Anna Kowal,True,Northside Review,Rotten,D,2022-10-01,"Predictable and lifeless, with dialogue that lands with a thud, and the humour is broad and joyless. (Review 6) Verdict: D."
m/crimson_night,Anna Kowal,True,Northside Review,Fresh,2.5/4,2022-02-15,"A sharp, moving film with terrific performances and real momentum, and it works better as a mood piece than as a story; the editing is actively confusing. (Review 7) Verdict: 2.5/4."
m/last_sky,Anna Kowal,True,Northside Review,Fresh,3/5,2021-05-14,"An absolute delight from the first frame to the last, and it works better as a mood piece than as a story. (Review 8)"
m/silent_city,Anna Kowal,True,Northside Review,Fresh,60%,2021-08-03,"A gorgeous, patient picture with a startling final act, and there is a leaner, stranger film buried in here; the editing is actively confusing. (Review 9)"
m/golden_road,Anna Kowal,True,Northside Review,Fresh,8/10,2022-06-25,"Beautifully shot and confidently directed, it earns every beat, and the ensemble is uniformly excellent; the script respects its own premise. (Review 10)"
m/beta_orbit,Anna Kowal,True,Northside Review,Fresh,A-,2020-08-23,"A gorgeous, patient picture with a startling final act, and the score is used sparingly and lands hard. (Review 11)"
m/hollow_sea,Anna Kowal,True,Northside Review,Fresh,3/5,2023-03-21,"Smart writing and a superb lead turn make this an easy recommendation, and the ambition is admirable even when the execution wobbles. (Review 12)"
m/alpha_signal,Anna Kowal,True,Northside Review,Fresh,8/10,2019-06-15,"Beautifully shot and confidently directed, it earns every beat, and the cinematography does real narrative work. (Review 13)"
m/gamma_city,Anna Kowal,True,Northside Review,Fresh,A-,2021-04-27,"An absolute delight from the first frame to the last, and the pacing never slackens. (Review 14) Verdict: A-."
m/silent_winter,Anna Kowal,True,Northside Review,Fresh,60%,2022-11-29,"A sharp, moving film with terrific performances and real momentum, and there is a leaner, stranger film buried in here. (Review 15)"
m/beta_sea,Anna Kowal,True,Northside Review,Fresh,A-,2022-01-28,"A sharp, moving film with terrific performances and real momentum, and the ensemble is uniformly excellent; it finds humour without undercutting the drama. (Review 16)"
m/broken_orbit,Anna Kowal,True,Northside Review,Fresh,4/5,2021-10-18,"Assured, generous filmmaking that trusts its audience, and the script respects its own premise; the cinematography does real narrative work. (Review 17)"
m/beta_road,Anna Kowal,True,Northside Review,Fresh,4/5,2023-09-26,"An absolute delight from the first frame to the last, and the script respects its own premise; the pacing never slackens. (Review 18) Verdict: 4/5."
m/last_city,Anna Kowal,True,Northside Review,Fresh,C+,2023-03-17,"A sharp, moving film with terrific performances and real momentum, and it works better as a mood piece than as a story. (Review 19)"
m/beta_city,Anna Kowal,True,Northside Review,Fresh,4/5,2022-01-19,"Smart writing and a superb lead turn make this an easy recommendation, and the cinematography does real narrative work. (Review 20)"
m/gamma_city,Anna Kowal,True,Northside Review,Fresh,8/10,2021-09-04,"A gorgeous, patient picture with a startling final act, and the score is used sparingly and lands hard; the ensemble is uniformly excellent. (Review 21)"
m/hollow_road,Anna Kowal,True,Northside Review,Rotten,1/4,2024-01-17,"Flat characters and clumsy pacing sink whatever goodwill it builds, and the leads have no chemistry to speak of; every twist arrives twenty minutes after you saw it coming. (Review 22)"
m/gamma_road,Anna Kowal,True,Northside Review,Rotten,2,2020-09-04,"Predictable and lifeless, with dialogue that lands with a thud, and the editing is actively confusing. (Review 23)"
m/alpha_sky,Anna Kowal,True,Northside Review,Fresh,4/5,2022-12-17,"A gorgeous, patient picture with a startling final act, and the cinematography does real narrative work. (Review 24)"
m/beta_machine,Anna Kowal,True,Northside Review,Rotten,C-,2021-03-06,"Weightless spectacle in search of a reason to exist, and it mistakes volume for tension. (Review 25) Verdict: C-."
m/hollow_harvest,Anna Kowal,True,Northside Review,Fresh,B,2023-04-06,"Smart writing and a superb lead turn make this an easy recommendation, and the score is used sparingly and lands hard. (Review 26)"
m/alpha_sky,Anna Kowal,True,Northside Review,Fresh,6/10,2023-03-10,"Beautifully shot and confidently directed, it earns every beat, and it works better as a mood piece than as a story. (Review 27) Verdict: 6/10."
m/broken_sea,Anna Kowal,True,Northside Review,Fresh,8/10,2022-09-05,"Assured, generous filmmaking that trusts its audience, and the ensemble is uniformly excellent. (Review 28) Verdict: 8/10."
m/epsilon_anthem,Anna Kowal,True,Northside Review,Fresh,B,2020-06-11,"An absolute delight from the first frame to the last, and the ensemble is uniformly excellent; the score is used sparingly and lands hard. (Review 29) Verdict: B."
m/gamma_orbit,Anna Kowal,True,Northside Review,Fresh,8/10,2023-01-30,"A sharp, moving film with terrific performances and real momentum, and the ensemble is uniformly excellent. (Review 30) Verdict: 8/10."
m/northern_city,Anna Kowal,True,Northside Review,Fresh,3.5/4,2022-04-09,"An absolute delight from the first frame to the last, and the cinematography does real narrative work. (Review 31)"
m/alpha_signal,Anna Kowal,True,Northside Review,Rotten,1/4,2019-09-30,"A tedious, overlong mess that squanders a promising premise, and every twist arrives twenty minutes after you saw it coming. (Review 32)"
m/gamma_road,Marco Reyes,True,Screen Ledger,Fresh,9,2020-10-19,"An absolute delight from the first frame to the last, and it finds humour without undercutting the drama; the ensemble is uniformly excellent. (Review 33)"
m/crimson_night,Marco Reyes,True,Screen Ledger,Rotten,1.5/5,2022-06-18,"Predictable and lifeless, with dialogue that lands with a thud, and the leads have no chemistry to speak of; the humour is broad and joyless. (Review 34)"
m/golden_sky,Marco Reyes,True,Screen Ledger,Fresh,3.5/4,2019-08-02,"Smart writing and a superb lead turn make this an easy recommendation, and the cinematography does real narrative work. (Review 35)"
m/beta_machine,Marco Reyes,True,Screen Ledger,Fresh,4.5/5,2021-01-19,"Smart writing and a superb lead turn make this an easy recommendation, and the ensemble is uniformly excellent; the pacing never slackens. (Review 36) Verdict: 4.5/5."
m/delta_road,Marco Reyes,True,Screen Ledger,Fresh,9,2022-01-30,"Beautifully shot and confidently directed, it earns every beat, and the pacing never slackens. (Review 37)"
m/gamma_road,Marco Reyes,True,Screen Ledger,Rotten,1.5/5,2020-04-18,"Predictable and lifeless, with dialogue that lands with a thud, and the leads have no chemistry to speak of; the editing is actively confusing. (Review 38)"
m/beta_winter,Marco Reyes,True,Screen Ledger,Fresh,A-,2022-06-25,"Beautifully shot and confidently directed, it earns every beat, and the pacing never slackens. (Review 39)"
m/hollow_harvest,Marco Reyes,True,Screen Ledger,Rotten,1/4,2023-10-17,"Handsomely mounted and entirely inert, and it mistakes volume for tension. (Review 40)"
m/broken_sea,Marco Reyes,True,Screen Ledger,Fresh,C+,2022-12-17,"A gorgeous, patient picture with a startling final act, and the ambition is admirable even when the execution wobbles. (Review 41)"
m/hollow_harvest,Marco Reyes,True,Screen Ledger,Fresh,2.5/4,2023-05-05,"An absolute delight from the first frame to the last, and it works better as a mood piece than as a story; the editing is actively confusing. (Review 42)"
m/silent_anthem,Marco Reyes,True,Screen Ledger,Fresh,6/10,2022-05-21,"An absolute delight from the first frame to the last, and the ambition is admirable even when the execution wobbles; the editing is actively confusing. (Review 43)"
m/golden_road,Marco Reyes,True,Screen Ledger,Rotten,3/10,2022-10-16,"A tedious, overlong mess that squanders a promising premise, and the editing is actively confusing. (Review 44)"
m/epsilon_road,Marco Reyes,True,Screen Ledger,Fresh,5,2022-10-25,"Beautifully shot and confidently directed, it earns every beat, and it works better as a mood piece than as a story. (Review 45)"
m/golden_sky,Marco Reyes,True,Screen Ledger,Fresh,2.5/4,2019-12-01,"Smart writing and a superb lead turn make this an easy recommendation, and there is a leaner, stranger film buried in here. (Review 46)"
m/beta_city,Marco Reyes,True,Screen Ledger,Fresh,B,2022-08-03,"An absolute delight from the first frame to the last, and the ensemble is uniformly excellent. (Review 47)"
m/hollow_sea,Marco Reyes,True,Screen Ledger,Fresh,B+,2022-08-17,"An absolute delight from the first frame to the last, and the ensemble is uniformly excellent; the ensemble is uniformly excellent. (Review 48)"
m/beta_sea,Marco Reyes,True,Screen Ledger,Fresh,3.5/4,2021-01-21,"Smart writing and a superb lead turn make this an easy recommendation, and the cinematography does real narrative work. (Review 49) Verdict: 3.5/4."
m/beta_machine,Marco Reyes,True,Screen Ledger,Rotten,C-,2020-08-14,"A disappointing misfire that never finds its footing, and the third act abandons its own rules. (Review 50)"
m/broken_sea,Marco Reyes,True,Screen Ledger,Fresh,2.5/4,2022-08-22,"A sharp, moving film with terrific performances and real momentum, and the ambition is admirable even when the execution wobbles; the editing is actively confusing. (Review 51)"
m/epsilon_night,Marco Reyes,True,Screen Ledger,Fresh,8/10,2022-10-17,"Beautifully shot and confidently directed, it earns every beat, and the pacing never slackens; the pacing never slackens. (Review 52) Verdict: 8/10."
m/hollow_anthem,Marco Reyes,True,Screen Ledger,Fresh,4/5,2022-10-26,"An absolute delight from the first frame to the last, and it finds humour without undercutting the drama; the script respects its own premise. (Review 53) Verdict: 4/5."
m/beta_harvest,Marco Reyes,True,Screen Ledger,Fresh,9,2020-09-16,"Smart writing and a superb lead turn make this an easy recommendation, and it finds humour without undercutting the drama. (Review 54) Verdict: 9."
m/gamma_city,Marco Reyes,True,Screen Ledger,Rotten,2,2021-09-17,"Weightless spectacle in search of a reason to exist, and the leads have no chemistry to speak of. (Review 55)"
m/gamma_city,Marco Reyes,True,Screen Ledger,Fresh,4.5/5,2021-08-14,"Beautifully shot and confidently directed, it earns every beat, and the score is used sparingly and lands hard; it finds humour without undercutting the drama. (Review 56)"
m/epsilon_night,Marco Reyes,True,Screen Ledger,Fresh,4/5,2023-09-10,"Assured, generous filmmaking that trusts its audience, and it finds humour without undercutting the drama; the script respects its own premise. (Review 57)"
m/hollow_harvest,Marco Reyes,True,Screen Ledger,Fresh,4.5/5,2023-03-29,"Smart writing and a superb lead turn make this an easy recommendation, and the cinematography does real narrative work; the script respects its own premise. (Review 58) Verdict: 4.5/5."
m/gamma_road,Marco Reyes,True,Screen Ledger,Rotten,2,2020-03-01,"Flat characters and clumsy pacing sink whatever goodwill it builds, and it mistakes volume for tension. (Review 59)"
m/broken_orbit,Marco Reyes,True,Screen Ledger,Fresh,4.5/5,2022-01-06,"An absolute delight from the first frame to the last, and the score is used sparingly and lands hard; the ensemble is uniformly excellent. (Review 60) Verdict: 4.5/5."
m/beta_city,Marco Reyes,True,Screen Ledger,Fresh,85%,2022-05-31,"A gorgeous, patient picture with a startling final act, and the script respects its own premise. (Review 61) Verdict: 85%."
m/beta_night,Marco Reyes,True,Screen Ledger,Fresh,2.5/4,2021-02-16,"A gorgeous, patient picture with a startling final act, and there is a leaner, stranger film buried in here. (Review 62) Verdict: 2.5/4."
m/alpha_signal,Marco Reyes,True,Screen Ledger,Fresh,4/5,2019-05-08,"An absolute delight from the first frame to the last, and the ensemble is uniformly excellent. (Review 63)"
m/beta_sea,Priya Nair,True,Daily Reel,Fresh,A-,2021-02-25,"Smart writing and a superb lead turn make this an easy recommendation, and the pacing never slackens. (Review 64) Verdict: A-."
m/alpha_sea,Priya Nair,True,Daily Reel,Rotten,C-,2022-03-29,"Predictable and lifeless, with dialogue that lands with a thud, and the leads have no chemistry to speak of. (Review 65)"
m/silent_winter,Priya Nair,True,Daily Reel,Fresh,60%,2022-02-10,"Assured, generous filmmaking that trusts its audience, and it works better as a mood piece than as a story. (Review 66)"
m/gamma_orbit,Priya Nair,True,Daily Reel,Rotten,D,2023-03-13,"Flat characters and clumsy pacing sink whatever goodwill it builds, and every twist arrives twenty minutes after you saw it coming. (Review 67)"
m/silent_winter,Priya Nair,True,Daily Reel,Fresh,9,2022-03-10,"Smart writing and a superb lead turn make this an easy recommendation, and the score is used sparingly and lands hard; the script respects its own premise. (Review 68)"
m/beta_machine,Priya Nair,True,Daily Reel,Rotten,1.5/5,2020-08-31,"Flat characters and clumsy pacing sink whatever goodwill it builds, and the leads have no chemistry to speak of; the third act abandons its own rules. (Review 69)"
m/gamma_orbit,Priya Nair,True,Daily Reel,Fresh,C+,2022-08-24,"A gorgeous, patient picture with a startling final act, and the ambition is admirable even when the execution wobbles. (Review 70) Verdict: C+."
m/epsilon_anthem,Priya Nair,True,Daily Reel,Fresh,B,2020-12-30,"Beautifully shot and confidently directed, it earns every beat, and the score is used sparingly and lands hard. (Review 71)"
m/northern_city,Priya Nair,True,Daily Reel,Fresh,60%,2023-04-10,"An absolute delight from the first frame to the last, and it works better as a mood piece than as a story. (Review 72) Verdict: 60%."
m/northern_city,Priya Nair,True,Daily Reel,Fresh,3.5/4,2022-04-27,"Assured, generous filmmaking that trusts its audience, and the score is used sparingly and lands hard. (Review 73)"
m/last_city,Priya Nair,True,Daily Reel,Fresh,5,2022-10-04,"An absolute delight from the first frame to the last, and there is a leaner, stranger film buried in here. (Review 74)"
m/silent_winter,Priya Nair,True,Daily Reel,Fresh,85%,2022-10-09,"A gorgeous, patient picture with a startling final act, and the pacing never slackens; the script respects its own premise. (Review 75)"
m/silent_garden,Priya Nair,True,Daily Reel,Rotten,35%,2023-01-23,"A tedious, overlong mess that squanders a promising premise, and the editing is actively confusing. (Review 76) Verdict: 35%."
m/silent_winter,Priya Nair,True,Daily Reel,Fresh,4.5/5,2022-07-22,"Assured, generous filmmaking that trusts its audience, and the ensemble is uniformly excellent. (Review 77)"
m/alpha_signal,Priya Nair,True,Daily Reel,Fresh,5,2019-06-07,"A gorgeous, patient picture with a startling final act, and there is a leaner, stranger film buried in here. (Review 78)"
m/broken_sea,Priya Nair,True,Daily Reel,Fresh,3/5,2022-11-09,"An absolute delight from the first frame to the last, and the ambition is admirable even when the execution wobbles; the third act abandons its own rules. (Review 79) Verdict: 3/5."
m/beta_night,Priya Nair,True,Daily Reel,Fresh,4/5,2021-04-16,"Assured, generous filmmaking that trusts its audience, and the score is used sparingly and lands hard. (Review 80) Verdict: 4/5."
m/crimson_night,Priya Nair,True,Daily Reel,Fresh,B,2022-06-16,"Beautifully shot and confidently directed, it earns every beat, and the cinematography does real narrative work. (Review 81) Verdict: B."
m/gamma_orbit,Priya Nair,True,Daily Reel,Rotten,C-,2023-06-16,"A tedious, overlong mess that squanders a promising premise, and the third act abandons its own rules. (Review 82)"
m/silent_city,Tom Becker,True,Daily Reel,Fresh,60%,2021-07-14,"Assured, generous filmmaking that trusts its audience, and it works better as a mood piece than as a story; the humour is broad and joyless. (Review 83)"
m/alpha_sea,Tom Becker,True,Daily Reel,Fresh,85%,2022-05-15,"Assured, generous filmmaking that trusts its audience, and the ensemble is uniformly excellent. (Review 84)"
m/golden_road,Tom Becker,True,Daily Reel,Rotten,C-,2022-05-07,"Handsomely mounted and entirely inert, and every twist arrives twenty minutes after you saw it coming. (Review 85)"
m/gamma_orbit,Tom Becker,True,Daily Reel,Rotten,2,2023-08-20,"Handsomely mounted and entirely inert, and the humour is broad and joyless. (Review 86)"
m/alpha_sea,Tom Becker,True,Daily Reel,Fresh,B,2021-09-28,"A gorgeous, patient picture with a startling final act, and the pacing never slackens. (Review 87)"
m/gamma_orbit,Tom Becker,True,Daily Reel,Rotten,D+,2023-03-07,"A tedious, overlong mess that squanders a promising premise, and the leads have no chemistry to speak of. (Review 88)"
m/epsilon_night,Tom Becker,True,Daily Reel,Fresh,4.5/5,2023-01-23,"An absolute delight from the first frame to the last, and the cinematography does real narrative work; the ensemble is uniformly excellent. (Review 89)"
m/beta_road,Tom Becker,True,Daily Reel,Fresh,8/10,2023-04-30,"Smart writing and a superb lead turn make this an easy recommendation, and it finds humour without undercutting the drama. (Review 90)"
m/golden_sea,Tom Becker,True,Daily Reel,Rotten,D+,2020-08-06,"Predictable and lifeless, with dialogue that lands with a thud, and the humour is broad and joyless. (Review 91) Verdict: D+."
m/golden_sea,Tom Becker,True,Daily Reel,Fresh,3/5,2021-07-22,"A gorgeous, patient picture with a startling final act, and the ambition is admirable even when the execution wobbles. (Review 92)"
m/crimson_city,Tom Becker,True,Daily Reel,Fresh,8/10,2020-11-12,"A sharp, moving film with terrific performances and real momentum, and the ensemble is uniformly excellent. (Review 93)"
m/northern_road,Tom Becker,True,Daily Reel,Fresh,3.5/4,2022-11-18,"Beautifully shot and confidently directed, it earns every beat, and the cinematography does real narrative work. (Review 94)"
m/broken_orbit,Tom Becker,True,Daily Reel,Rotten,3/10,2021-11-30,"Predictable and lifeless, with dialogue that lands with a thud, and the editing is actively confusing; the leads have no chemistry to speak of. (Review 95)"
m/last_city,Tom Becker,True,Daily Reel,Fresh,3/5,2023-07-15,"Assured, generous filmmaking that trusts its audience, and it works better as a mood piece than as a story; the third act abandons its own rules. (Review 96)"
m/silent_garden,Tom Becker,True,Daily Reel,Fresh,3/5,2023-08-09,"Beautifully shot and confidently directed, it earns every beat, and the ambition is admirable even when the execution wobbles. (Review 97)"
m/silent_garden,Tom Becker,True,Daily Reel,Rotten,D,2023-02-21,"A tedious, overlong mess that squanders a promising premise, and it mistakes volume for tension. (Review 98)"
m/hollow_sea,Tom Becker,True,Daily Reel,Fresh,A-,2023-06-07,"An absolute delight from the first frame to the last, and the score is used sparingly and lands hard; the score is used sparingly and lands hard. (Review 99)"
m/hollow_road,Tom Becker,True,Daily Reel,Fresh,4/5,2024-01-05,"Assured, generous filmmaking that trusts its audience, and the script respects its own premise; the cinematography does real narrative work. (Review 100)"
m/crimson_city,Tom Becker,True,Daily Reel,Fresh,A-,2020-11-24,"A sharp, moving film with terrific performances and real momentum, and it finds humour without undercutting the drama; the cinematography does real narrative work. (Review 101)"
m/epsilon_night,Tom Becker,True,Daily Reel,Fresh,B,2023-02-13,"Assured, generous filmmaking that trusts its audience, and the pacing never slackens. (Review 102)"
m/hollow_winter,Tom Becker,True,Daily Reel,Fresh,C+,2020-11-11,"Assured, generous filmmaking that trusts its audience, and there is a leaner, stranger film buried in here. (Review 103)"
m/hollow_harvest,Tom Becker,True,Daily Reel,Rotten,35%,2023-07-15,"Weightless spectacle in search of a reason to exist, and every twist arrives twenty minutes after you saw it coming. (Review 104) Verdict: 35%."
m/crimson_night,Tom Becker,True,Daily Reel,Fresh,3.5/4,2022-11-14,"Beautifully shot and confidently directed, it earns every beat, and the cinematography does real narrative work; it finds humour without undercutting the drama. (Review 105)"
m/hollow_winter,Tom Becker,True,Daily Reel,Fresh,8/10,2020-06-13,"Assured, generous filmmaking that trusts its audience, and the script respects its own premise. (Review 106) Verdict: 8/10."
m/alpha_road,Tom Becker,True,Daily Reel,Fresh,A-,2023-04-10,"Beautifully shot and confidently directed, it earns every beat, and the score is used sparingly and lands hard. (Review 107) Verdict: A-."
m/beta_city,Tom Becker,True,Daily Reel,Rotten,3/10,2022-09-14,"Weightless spectacle in search of a reason to exist, and every twist arrives twenty minutes after you saw it coming. (Review 108) Verdict: 3/10."
m/hollow_winter,Tom Becker,True,Daily Reel,Rotten,2,2021-01-09,"Flat characters and clumsy pacing sink whatever goodwill it builds, and every twist arrives twenty minutes after you saw it coming. (Review 109)"
m/beta_road,Tom Becker,True,Daily Reel,Rotten,1.5/5,2023-01-20,"Predictable and lifeless, with dialogue that lands with a thud, and the third act abandons its own rules; the humour is broad and joyless. (Review 110) Verdict: 1.5/5."
m/gamma_city,Tom Becker,True,Daily Reel,Fresh,C+,2022-01-21,"Beautifully shot and confidently directed, it earns every beat, and there is a leaner, stranger film buried in here. (Review 111) Verdict: C+."
m/beta_night,Tom Becker,True,Daily Reel,Fresh,60%,2021-03-19,"Assured, generous filmmaking that trusts its audience, and it works better as a mood piece than as a story; it mistakes volume for tension. (Review 112)"
m/hollow_sea,Tom Becker,True,Daily Reel,Fresh,3/5,2023-03-10,"A sharp, moving film with terrific performances and real momentum, and there is a leaner, stranger film buried in here. (Review 113)"
m/gamma_city,Tom Becker,True,Daily Reel,Rotten,D,2021-01-03,"Weightless spectacle in search of a reason to exist, and the third act abandons its own rules. (Review 114) Verdict: D."
m/beta_sea,Tom Becker,True,Daily Reel,Rotten,D,2021-03-21,"A disappointing misfire that never finds its footing, and it mistakes volume for tension. (Review 115) Verdict: D."
m/gamma_city,Tom Becker,True,Daily Reel,Rotten,C-,2021-09-09,"A tedious, overlong mess that squanders a promising premise, and every twist arrives twenty minutes after you saw it coming; every twist arrives twenty minutes after you saw it coming. (Review 116)"
m/last_city,Lena Fischer,True,Cinema Post,Fresh,6/10,2022-11-23,"Beautifully shot and confidently directed, it earns every beat, and there is a leaner, stranger film buried in here; the editing is actively confusing. (Review 117)"
m/beta_sea,Lena Fischer,True,Cinema Post,Fresh,4/5,2021-10-11,"A sharp, moving film with terrific performances and real momentum, and it finds humour without undercutting the drama. (Review 118)"
m/northern_road,Lena Fischer,True,Cinema Post,Fresh,85%,2023-01-02,"A sharp, moving film with terrific performances and real momentum, and the cinematography does real narrative work; the pacing never slackens. (Review 119)"
m/gamma_city,Lena Fischer,True,Cinema Post,Fresh,85%,2021-10-19,"An absolute delight from the first frame to the last, and the pacing never slackens. (Review 120)"
m/beta_orbit,Lena Fischer,True,Cinema Post,Fresh,A-,2021-02-05,"A sharp, moving film with terrific performances and real momentum, and the script respects its own premise. (Review 121)"
m/beta_winter,Lena Fischer,True,Cinema Post,Fresh,3.5/4,2023-01-21,"Beautifully shot and confidently directed, it earns every beat, and the cinematography does real narrative work; the script respects its own premise. (Review 122) Verdict: 3.5/4."
m/hollow_road,Lena Fischer,True,Cinema Post,Fresh,5,2023-06-24,"Assured, generous filmmaking that trusts its audience, and there is a leaner, stranger film buried in here; the humour is broad and joyless. (Review 123)"
m/delta_road,Lena Fischer,True,Cinema Post,Fresh,4/5,2022-04-02,"A sharp, moving film with terrific performances and real momentum, and the ensemble is uniformly excellent; the ensemble is uniformly excellent. (Review 124) Verdict: 4/5."
m/beta_orbit,Lena Fischer,True,Cinema Post,Fresh,A-,2021-04-09,"A gorgeous, patient picture with a startling final act, and the ensemble is uniformly excellent. (Review 125) Verdict: A-."
m/hollow_sea,Lena Fischer,True,Cinema Post,Fresh,B,2022-08-10,"Assured, generous filmmaking that trusts its audience, and it finds humour without undercutting the drama. (Review 126)"
m/beta_orbit,Lena Fischer,True,Cinema Post,Rotten,1.5/5,2020-03-30,"Predictable and lifeless, with dialogue that lands with a thud, and the humour is broad and joyless. (Review 127)"
m/broken_sea,Lena Fischer,True,Cinema Post,Fresh,5,2023-05-22,"Beautifully shot and confidently directed, it earns every beat, and it works better as a mood piece than as a story; the editing is actively confusing. (Review 128) Verdict: 5."
m/northern_road,Lena Fischer,True,Cinema Post,Fresh,6/10,2022-03-09,"A sharp, moving film with terrific performances and real momentum, and the ambition is admirable even when the execution wobbles. (Review 129)"
m/hollow_sea,Lena Fischer,True,Cinema Post,Fresh,85%,2023-04-13,"An absolute delight from the first frame to the last, and the cinematography does real narrative work. (Review 130) Verdict: 85%."
m/broken_orbit,Lena Fischer,True,Cinema Post,Fresh,8/10,2021-10-24,"A gorgeous, patient picture with a startling final act, and the script respects its own premise. (Review 131) Verdict: 8/10."
m/silent_city,Lena Fischer,True,Cinema Post,Fresh,8/10,2020-09-12,"Assured, generous filmmaking that trusts its audience, and it finds humour without undercutting the drama. (Review 132) Verdict: 8/10."
m/beta_orbit,Lena Fischer,True,Cinema Post,Fresh,8/10,2020-11-16,"Beautifully shot and confidently directed, it earns every beat, and the pacing never slackens. (Review 133)"
m/beta_night,Lena Fischer,True,Cinema Post,Fresh,A-,2021-03-03,"Assured, generous filmmaking that trusts its audience, and the cinematography does real narrative work. (Review 134)"
m/last_sky,Lena Fischer,True,Cinema Post,Fresh,9,2020-09-12,"Assured, generous filmmaking that trusts its audience, and the cinematography does real narrative work; the score is used sparingly and lands hard. (Review 135)"
m/alpha_road,Lena Fischer,True,Cinema Post,Rotten,1/4,2023-02-08,"Handsomely mounted and entirely inert, and the third act abandons its own rules. (Review 136)"
m/delta_road,Lena Fischer,True,Cinema Post,Fresh,8/10,2021-10-06,"Beautifully shot and confidently directed, it earns every beat, and the ensemble is uniformly excellent; the cinematography does real narrative work. (Review 137)"
m/northern_city,Lena Fischer,True,Cinema Post,Fresh,B+,2023-02-13,"Beautifully shot and confidently directed, it earns every beat, and it finds humour without undercutting the drama. (Review 138)"
m/beta_orbit,Lena Fischer,True,Cinema Post,Fresh,6/10,2020-07-14,"Beautifully shot and confidently directed, it earns every beat, and there is a leaner, stranger film buried in here. (Review 139) Verdict: 6/10."
m/beta_sea,Lena Fischer,True,Cinema Post,Fresh,3.5/4,2021-04-29,"Beautifully shot and confidently directed, it earns every beat, and the cinematography does real narrative work; the pacing never slackens. (Review 140)"
m/golden_sea,Lena Fischer,True,Cinema Post,Fresh,8/10,2021-05-21,"A gorgeous, patient picture with a startling final act, and it finds humour without undercutting the drama. (Review 141) Verdict: 8/10."
m/beta_road,Lena Fischer,True,Cinema Post,Fresh,4.5/5,2023-04-14,"A gorgeous, patient picture with a startling final act, and it finds humour without undercutting the drama; the ensemble is uniformly excellent. (Review 142)"
m/gamma_road,Lena Fischer,True,Cinema Post,Fresh,B+,2020-09-19,"A gorgeous, patient picture with a startling final act, and the ensemble is uniformly excellent. (Review 143) Verdict: B+."
m/northern_road,Lena Fischer,True,Cinema Post,Fresh,8/10,2022-11-02,"A sharp, moving film with terrific performances and real momentum, and the ensemble is uniformly excellent. (Review 144) Verdict: 8/10."
m/northern_city,Lena Fischer,True,Cinema Post,Fresh,B,2022-11-05,"Smart writing and a superb lead turn make this an easy recommendation, and the pacing never slackens. (Review 145) Verdict: B."
m/epsilon_road,Lena Fischer,True,Cinema Post,Fresh,2.5/4,2022-10-04,"Beautifully shot and confidently directed, it earns every beat, and it works better as a mood piece than as a story. (Review 146)"
m/crimson_city,Lena Fischer,True,Cinema Post,Fresh,8/10,2020-10-29,"A gorgeous, patient picture with a startling final act, and it finds humour without undercutting the drama. (Review 147)"
m/gamma_orbit,Lena Fischer,True,Cinema Post,Fresh,4/5,2023-07-30,"Assured, generous filmmaking that trusts its audience, and the script respects its own premise. (Review 148)"
m/northern_road,Lena Fischer,True,Cinema Post,Fresh,8/10,2022-05-13,"A gorgeous, patient picture with a startling final act, and the ensemble is uniformly excellent; the script respects its own premise. (Review 149)"
m/beta_road,Lena Fischer,True,Cinema Post,Fresh,4.5/5,2023-08-12,"A gorgeous, patient picture with a startling final act, and the ensemble is uniformly excellent. (Review 150) Verdict: 4.5/5."
m/northern_road,Ivan Petrov,True,Daily Reel,Fresh,C+,2023-01-26,"Beautifully shot and confidently directed, it earns every beat, and there is a leaner, stranger film buried in here; the leads have no chemistry to speak of. (Review 151)"
m/gamma_road,Ivan Petrov,True,Daily Reel,Rotten,3/10,2020-09-18,"A disappointing misfire that never finds its footing, and the leads have no chemistry to speak of. (Review 152)"
m/beta_orbit,Ivan Petrov,True,Daily Reel,Rotten,1.5/5,2020-06-26,"A tedious, overlong mess that squanders a promising premise, and the third act abandons its own rules. (Review 153) Verdict: 1.5/5."
m/alpha_sky,Ivan Petrov,True,Daily Reel,Fresh,4.5/5,2023-01-13,"Beautifully shot and confidently directed, it earns every beat, and the script respects its own premise. (Review 154) Verdict: 4.5/5."
m/epsilon_road,Ivan Petrov,True,Daily Reel,Fresh,60%,2022-08-06,"A sharp, moving film with terrific performances and real momentum, and it works better as a mood piece than as a story. (Review 155)"
m/northern_city,Ivan Petrov,True,Daily Reel,Rotten,2,2022-10-05,"A disappointing misfire that never finds its footing, and the humour is broad and joyless. (Review 156)"
m/alpha_sea,Ivan Petrov,True,Daily Reel,Fresh,85%,2022-10-16,"Assured, generous filmmaking that trusts its audience, and the pacing never slackens. (Review 157)"
m/epsilon_night,Ivan Petrov,True,Daily Reel,Fresh,4/5,2023-04-12,"Beautifully shot and confidently directed, it earns every beat, and the pacing never slackens. (Review 158) Verdict: 4/5."
m/northern_city,Ivan Petrov,True,Daily Reel,Rotten,3/10,2022-11-27,"Handsomely mounted and entirely inert, and the humour is broad and joyless. (Review 159) Verdict: 3/10."
m/beta_harvest,Ivan Petrov,True,Daily Reel,Fresh,85%,2020-12-28,"Assured, generous filmmaking that trusts its audience, and the pacing never slackens. (Review 160) Verdict: 85%."
m/hollow_road,Ivan Petrov,True,Daily Reel,Rotten,3/10,2023-02-20,"Handsomely mounted and entirely inert, and the editing is actively confusing. (Review 161)"
m/beta_city,Ivan Petrov,True,Daily Reel,Fresh,B+,2022-09-23,"An absolute delight from the first frame to the last, and the script respects its own premise; the ensemble is uniformly excellent. (Review 162)"
m/hollow_anthem,Ivan Petrov,True,Daily Reel,Rotten,C-,2023-04-05,"A tedious, overlong mess that squanders a promising premise, and the leads have no chemistry to speak of; the third act abandons its own rules. (Review 163)"
m/beta_orbit,Ivan Petrov,True,Daily Reel,Rotten,1.5/5,2020-07-25,"Flat characters and clumsy pacing sink whatever goodwill it builds, and the leads have no chemistry to speak of. (Review 164)"
m/hollow_anthem,Ivan Petrov,True,Daily Reel,Fresh,B+,2023-06-22,"An absolute delight from the first frame to the last, and the cinematography does real narrative work; it finds humour without undercutting the drama. (Review 165)"
m/epsilon_anthem,Ivan Petrov,True,Daily Reel,Fresh,85%,2020-08-19,"Smart writing and a superb lead turn make this an easy recommendation, and the script respects its own premise. (Review 166) Verdict: 85%."
m/silent_anthem,Ivan Petrov,True,Daily Reel,Fresh,B,2022-03-10,"A gorgeous, patient picture with a startling final act, and the score is used sparingly and lands hard; the pacing never slackens. (Review 167)"
m/beta_harvest,Ivan Petrov,True,Daily Reel,Fresh,4/5,2020-07-03,"A gorgeous, patient picture with a startling final act, and the ensemble is uniformly excellent. (Review 168) Verdict: 4/5."
m/northern_city,Ivan Petrov,True,Daily Reel,Fresh,85%,2023-01-14,"Smart writing and a superb lead turn make this an easy recommendation, and the pacing never slackens. (Review 169) Verdict: 85%."
m/northern_road,Ivan Petrov,True,Daily Reel,Rotten,C-,2022-02-14,"Flat characters and clumsy pacing sink whatever goodwill it builds, and the third act abandons its own rules. (Review 170)"
m/hollow_harvest,Ivan Petrov,True,Daily Reel,Rotten,D,2023-04-15,"Predictable and lifeless, with dialogue that lands with a thud, and the leads have no chemistry to speak of; every twist arrives twenty minutes after you saw it coming. (Review 171) Verdict: D."
m/northern_road,Ivan Petrov,True,Daily Reel,Rotten,D,2022-12-23,"A disappointing misfire that never finds its footing, and every twist arrives twenty minutes after you saw it coming; every twist arrives twenty minutes after you saw it coming. (Review 172)"
m/alpha_sky,Ivan Petrov,True,Daily Reel,Fresh,A-,2023-06-23,"Beautifully shot and confidently directed, it earns every beat, and it finds humour without undercutting the drama; the pacing never slackens. (Review 173)"
m/hollow_sea,Sofia Marchetti,True,Cinema Post,Fresh,B+,2022-08-15,"An absolute delight from the first frame to the last, and the score is used sparingly and lands hard. (Review 174)"
m/crimson_city,Sofia Marchetti,True,Cinema Post,Fresh,C+,2020-12-08,"Smart writing and a superb lead turn make this an easy recommendation, and it works better as a mood piece than as a story; every twist arrives twenty minutes after you saw it coming. (Review 175) Verdict: C+."
m/last_city,Sofia Marchetti,True,Cinema Post,Fresh,4/5,2023-02-05,"A sharp, moving film with terrific performances and real momentum, and the cinematography does real narrative work. (Review 176)"
m/broken_sky,Sofia Marchetti,True,Cinema Post,Fresh,3.5/4,2022-05-04,"A sharp, moving film with terrific performances and real momentum, and the pacing never slackens. (Review 177)"
m/gamma_road,Sofia Marchetti,True,Cinema Post,Fresh,B,2020-01-15,"Smart writing and a superb lead turn make this an easy recommendation, and the score is used sparingly and lands hard. (Review 178) Verdict: B."
m/gamma_orbit,Sofia Marchetti,True,Cinema Post,Rotten,D+,2022-11-11,"A disappointing misfire that never finds its footing, and the third act abandons its own rules. (Review 179) Verdict: D+."
m/alpha_road,Sofia Marchetti,True,Cinema Post,Fresh,4.5/5,2023-09-05,"Assured, generous filmmaking that trusts its audience, and it finds humour without undercutting the drama. (Review 180) Verdict: 4.5/5."
m/beta_night,Sofia Marchetti,True,Cinema Post,Fresh,B+,2021-08-23,"Smart writing and a superb lead turn make this an easy recommendation, and it finds humour without undercutting the drama. (Review 181) Verdict: B+."
m/beta_harvest,Sofia Marchetti,True,Cinema Post,Rotten,C-,2020-10-12,"Handsomely mounted and entirely inert, and the humour is broad and joyless. (Review 182) Verdict: C-."
m/northern_road,Sofia Marchetti,True,Cinema Post,Fresh,B+,2022-03-17,"A sharp, moving film with terrific performances and real momentum, and the score is used sparingly and lands hard. (Review 183)"
m/silent_city,Sofia Marchetti,True,Cinema Post,Fresh,B+,2021-01-29,"An absolute delight from the first frame to the last, and the ensemble is uniformly excellent. (Review 184)"
m/beta_road,Sofia Marchetti,True,Cinema Post,Fresh,B+,2023-03-12,"A gorgeous, patient picture with a startling final act, and the ensemble is uniformly excellent. (Review 185)"
m/beta_harvest,Sofia Marchetti,True,Cinema Post,Fresh,B,2021-03-20,"A sharp, moving film with terrific performances and real momentum, and it finds humour without undercutting the drama; the score is used sparingly and lands hard. (Review 186)"
m/beta_winter,Sofia Marchetti,True,Cinema Post,Fresh,2.5/4,2023-06-09,"Smart writing and a superb lead turn make this an easy recommendation, and there is a leaner, stranger film buried in here. (Review 187)"
m/silent_anthem,Sofia Marchetti,True,Cinema Post,Fresh,5,2022-10-19,"A sharp, moving film with terrific performances and real momentum, and it works better as a mood piece than as a story; every twist arrives twenty minutes after you saw it coming. (Review 188)"
m/alpha_signal,Sofia Marchetti,True,Cinema Post,Fresh,A-,2019-08-23,"Smart writing and a superb lead turn make this an easy recommendation, and it finds humour without undercutting the drama. (Review 189) Verdict: A-."
m/gamma_city,Sofia Marchetti,True,Cinema Post,Fresh,B+,2021-05-18,"Assured, generous filmmaking that trusts its audience, and the pacing never slackens. (Review 190) Verdict: B+."
m/gamma_orbit,Sofia Marchetti,True,Cinema Post,Fresh,4/5,2023-07-19,"A gorgeous, patient picture with a startling final act, and it finds humour without undercutting the drama. (Review 191)"
m/crimson_city,Sofia Marchetti,True,Cinema Post,Fresh,C+,2020-10-09,"A gorgeous, patient picture with a startling final act, and there is a leaner, stranger film buried in here. (Review 192)"
m/epsilon_night,Sofia Marchetti,True,Cinema Post,Fresh,4/5,2023-01-05,"A gorgeous, patient picture with a startling final act, and the ensemble is uniformly excellent; the script respects its own premise. (Review 193)"
m/last_city,Sofia Marchetti,True,Cinema Post,Fresh,B+,2023-05-16,"An absolute delight from the first frame to the last, and the score is used sparingly and lands hard; the script respects its own premise. (Review 194)"
m/alpha_sea,Sofia Marchetti,True,Cinema Post,Fresh,85%,2022-06-21,"An absolute delight from the first frame to the last, and the score is used sparingly and lands hard. (Review 195)"
m/delta_road,Sofia Marchetti,True,Cinema Post,Fresh,9,2022-03-20,"Assured, generous filmmaking that trusts its audience, and it finds humour without undercutting the drama; the script respects its own premise. (Review 196)"
m/beta_orbit,Sofia Marchetti,True,Cinema Post,Rotten,2,2020-09-03,"Weightless spectacle in search of a reason to exist, and every twist arrives twenty minutes after you saw it coming; the humour is broad and joyless. (Review 197) Verdict: 2."
m/epsilon_anthem,Sofia Marchetti,True,Cinema Post,Fresh,2.5/4,2020-01-05,"A sharp, moving film with terrific performances and real momentum, and it works better as a mood piece than as a story. (Review 198) Verdict: 2.5/4."
m/hollow_sea,Sofia Marchetti,True,Cinema Post,Fresh,4/5,2022-11-25,"A sharp, moving film with terrific performances and real momentum, and the pacing never slackens. (Review 199)"
m/beta_sea,Sofia Marchetti,True,Cinema Post,Fresh,9,2021-04-29,"Assured, generous filmmaking that trusts its audience, and the ensemble is uniformly excellent; it finds humour without undercutting the drama. (Review 200)"
m/hollow_winter,Sofia Marchetti,True,Cinema Post,Fresh,3.5/4,2021-01-07,"An absolute delight from the first frame to the last, and the cinematography does real narrative work; it finds humour without undercutting the drama. (Review 201)"
m/hollow_sea,Sofia Marchetti,True,Cinema Post,Fresh,A-,2023-05-14,"A sharp, moving film with terrific performances and real momentum, and the cinematography does real narrative work; the ensemble is uniformly excellent. (Review 202)"
m/silent_garden,Sofia Marchetti,True,Cinema Post,Fresh,A-,2023-06-03,"A sharp, moving film with terrific performances and real momentum, and the pacing never slackens. (Review 203)"
m/broken_sky,Sofia Marchetti,True,Cinema Post,Fresh,B+,2022-06-01,"An absolute delight from the first frame to the last, and the cinematography does real narrative work; the pacing never slackens. (Review 204)"
m/last_city,Daniel Osei,True,Frame Weekly,Fresh,9,2023-01-24,"A gorgeous, patient picture with a startling final act, and the cinematography does real narrative work; the score is used sparingly and lands hard. (Review 205)"
m/beta_machine,Daniel Osei,True,Frame Weekly,Rotten,C-,2020-12-28,"Flat characters and clumsy pacing sink whatever goodwill it builds, and it mistakes volume for tension. (Review 206)"
m/silent_winter,Daniel Osei,True,Frame Weekly,Rotten,D,2021-12-17,"Predictable and lifeless, with dialogue that lands with a thud, and the leads have no chemistry to speak of; every twist arrives twenty minutes after you saw it coming. (Review 207) Verdict: D."
m/alpha_sea,Daniel Osei,True,Frame Weekly,Rotten,1.5/5,2021-09-30,"Handsomely mounted and entirely inert, and the third act abandons its own rules. (Review 208) Verdict: 1.5/5."
m/epsilon_night,Daniel Osei,True,Frame Weekly,Rotten,1.5/5,2023-05-02,"Flat characters and clumsy pacing sink whatever goodwill it builds, and it mistakes volume for tension. (Review 209) Verdict: 1.5/5."
m/hollow_sea,Daniel Osei,True,Frame Weekly,Fresh,5,2022-07-22,"A gorgeous, patient picture with a startling final act, and there is a leaner, stranger film buried in here. (Review 210)"
m/beta_harvest,Daniel Osei,True,Frame Weekly,Fresh,3/5,2020-06-11,"Smart writing and a superb lead turn make this an easy recommendation, and it works better as a mood piece than as a story. (Review 211) Verdict: 3/5."
m/crimson_city,Daniel Osei,True,Frame Weekly,Rotten,1/4,2020-11-21,"Weightless spectacle in search of a reason to exist, and the humour is broad and joyless. (Review 212)"
m/northern_road,Daniel Osei,True,Frame Weekly,Fresh,9,2022-06-24,"An absolute delight from the first frame to the last, and the cinematography does real narrative work. (Review 213) Verdict: 9."
m/epsilon_night,Daniel Osei,True,Frame Weekly,Fresh,4.5/5,2022-10-07,"An absolute delight from the first frame to the last, and the score is used sparingly and lands hard. (Review 214)"
m/northern_road,Daniel Osei,True,Frame Weekly,Rotten,1/4,2022-10-01,"Predictable and lifeless, with dialogue that lands with a thud, and it mistakes volume for tension. (Review 215)"
m/silent_city,Daniel Osei,True,Frame Weekly,Fresh,B,2021-04-05,"Beautifully shot and confidently directed, it earns every beat, and the script respects its own premise. (Review 216)"
m/beta_city,Daniel Osei,True,Frame Weekly,Fresh,85%,2021-12-10,"An absolute delight from the first frame to the last, and the cinematography does real narrative work. (Review 217) Verdict: 85%."
m/beta_road,Daniel Osei,True,Frame Weekly,Rotten,2,2023-07-08,"A tedious, overlong mess that squanders a promising premise, and every twist arrives twenty minutes after you saw it coming. (Review 218)"
m/beta_sea,Daniel Osei,True,Frame Weekly,Fresh,B+,2021-11-13,"A gorgeous, patient picture with a startling final act, and the cinematography does real narrative work; it finds humour without undercutting the drama. (Review 219)"
m/beta_sea,Daniel Osei,True,Frame Weekly,Rotten,D+,2021-05-08,"Weightless spectacle in search of a reason to exist, and every twist arrives twenty minutes after you saw it coming. (Review 220) Verdict: D+."
m/alpha_signal,Daniel Osei,True,Frame Weekly,Fresh,8/10,2019-12-02,"Smart writing and a superb lead turn make this an easy recommendation, and the cinematography does real narrative work. (Review 221)"
m/delta_road,Daniel Osei,True,Frame Weekly,Rotten,2,2022-06-25,"A tedious, overlong mess that squanders a promising premise, and every twist arrives twenty minutes after you saw it coming. (Review 222) Verdict: 2."
m/beta_city,Daniel Osei,True,Frame Weekly,Rotten,3/10,2022-02-09,"Handsomely mounted and entirely inert, and the humour is broad and joyless. (Review 223) Verdict: 3/10."
m/alpha_sea,Daniel Osei,True,Frame Weekly,Fresh,5,2022-03-13,"Assured, generous filmmaking that trusts its audience, and it works better as a mood piece than as a story. (Review 224)"
m/beta_city,Daniel Osei,True,Frame Weekly,Fresh,3.5/4,2022-12-26,"A gorgeous, patient picture with a startling final act, and the pacing never slackens; the ensemble is uniformly excellent. (Review 225)"
m/beta_road,Daniel Osei,True,Frame Weekly,Fresh,3/5,2023-06-29,"An absolute delight from the first frame to the last, and it works better as a mood piece than as a story. (Review 226) Verdict: 3/5."
m/silent_winter,Daniel Osei,True,Frame Weekly,Fresh,8/10,2021-11-09,"A sharp, moving film with terrific performances and real momentum, and the script respects its own premise; the cinematography does real narrative work. (Review 227)"
m/beta_road,Daniel Osei,True,Frame Weekly,Rotten,D+,2022-12-27,"Weightless spectacle in search of a reason to exist, and every twist arrives twenty minutes after you saw it coming; every twist arrives twenty minutes after you saw it coming. (Review 228)"
m/beta_night,Daniel Osei,True,Frame Weekly,Rotten,D+,2021-02-03,"Flat characters and clumsy pacing sink whatever goodwill it builds, and every twist arrives twenty minutes after you saw it coming. (Review 229) Verdict: D+."
m/golden_road,Daniel Osei,True,Frame Weekly,Fresh,5,2022-08-10,"Smart writing and a superb lead turn make this an easy recommendation, and there is a leaner, stranger film buried in here. (Review 230)"
m/last_city,Daniel Osei,True,Frame Weekly,Fresh,A-,2023-01-11,"Smart writing and a superb lead turn make this an easy recommendation, and the ensemble is uniformly excellent; the cinematography does real narrative work. (Review 231)"
m/hollow_winter,Daniel Osei,True,Frame Weekly,Rotten,1.5/5,2021-05-09,"Handsomely mounted and entirely inert, and the leads have no chemistry to speak of. (Review 232)"
m/crimson_city,Daniel Osei,True,Frame Weekly,Rotten,2,2021-02-17,"Predictable and lifeless, with dialogue that lands with a thud, and the editing is actively confusing. (Review 233)"
m/beta_city,Daniel Osei,True,Frame Weekly,Rotten,D,2021-12-06,"Handsomely mounted and entirely inert, and it mistakes volume for tension. (Review 234)"
m/gamma_road,Hannah Lindqvist,True,Daily Reel,Fresh,8/10,2021-01-17,"A sharp, moving film with terrific performances and real momentum, and the script respects its own premise; the score is used sparingly and lands hard. (Review 235) Verdict: 8/10."
m/epsilon_road,Hannah Lindqvist,True,Daily Reel,Fresh,4.5/5,2022-07-15,"Beautifully shot and confidently directed, it earns every beat, and it finds humour without undercutting the drama. (Review 236)"
m/silent_anthem,Hannah Lindqvist,True,Daily Reel,Fresh,4.5/5,2021-12-08,"Assured, generous filmmaking that trusts its audience, and the pacing never slackens. (Review 237) Verdict: 4.5/5."
m/gamma_orbit,Hannah Lindqvist,True,Daily Reel,Fresh,5,2022-10-30,"A sharp, moving film with terrific performances and real momentum, and it works better as a mood piece than as a story. (Review 238)"
m/broken_sea,Hannah Lindqvist,True,Daily Reel,Fresh,85%,2022-07-03,"Smart writing and a superb lead turn make this an easy recommendation, and it finds humour without undercutting the drama. (Review 239) Verdict: 85%."
m/hollow_anthem,Hannah Lindqvist,True,Daily Reel,Fresh,4.5/5,2023-04-23,"A sharp, moving film with terrific performances and real momentum, and the script respects its own premise. (Review 240)"
m/alpha_signal,Hannah Lindqvist,True,Daily Reel,Fresh,9,2019-05-04,"An absolute delight from the first frame to the last, and the pacing never slackens; the ensemble is uniformly excellent. (Review 241) Verdict: 9."
m/beta_machine,Hannah Lindqvist,True,Daily Reel,Fresh,3/5,2020-10-22,"Smart writing and a superb lead turn make this an easy recommendation, and there is a leaner, stranger film buried in here. (Review 242)"
m/beta_harvest,Hannah Lindqvist,True,Daily Reel,Fresh,85%,2021-03-27,"Beautifully shot and confidently directed, it earns every beat, and the script respects its own premise; it finds humour without undercutting the drama. (Review 243)"
m/alpha_road,Hannah Lindqvist,True,Daily Reel,Fresh,B,2023-08-10,"A gorgeous, patient picture with a startling final act, and the pacing never slackens. (Review 244)"
m/hollow_anthem,Hannah Lindqvist,True,Daily Reel,Rotten,2,2022-08-01,"A tedious, overlong mess that squanders a promising premise, and the humour is broad and joyless; it mistakes volume for tension. (Review 245)"
m/golden_sea,Hannah Lindqvist,True,Daily Reel,Fresh,9,2021-01-16,"A gorgeous, patient picture with a startling final act, and it finds humour without undercutting the drama; the score is used sparingly and lands hard. (Review 246) Verdict: 9."
m/broken_sky,Hannah Lindqvist,True,Daily Reel,Fresh,60%,2023-04-19,"Assured, generous filmmaking that trusts its audience, and it works better as a mood piece than as a story. (Review 247)"
m/golden_road,Hannah Lindqvist,True,Daily Reel,Fresh,6/10,2021-12-23,"An absolute delight from the first frame to the last, and there is a leaner, stranger film buried in here. (Review 248) Verdict: 6/10."
m/epsilon_anthem,Hannah Lindqvist,True,Daily Reel,Fresh,85%,2020-03-17,"An absolute delight from the first frame to the last, and the cinematography does real narrative work; the script respects its own premise. (Review 249)"
m/alpha_sky,Hannah Lindqvist,True,Daily Reel,Fresh,8/10,2022-12-06,"Assured, generous filmmaking that trusts its audience, and it finds humour without undercutting the drama. (Review 250) Verdict: 8/10."
m/golden_road,Hannah Lindqvist,True,Daily Reel,Fresh,8/10,2022-01-21,"Beautifully shot and confidently directed, it earns every beat, and the score is used sparingly and lands hard; the ensemble is uniformly excellent. (Review 251) Verdict: 8/10."
m/epsilon_anthem,Hannah Lindqvist,True,Daily Reel,Fresh,60%,2020-02-02,"A gorgeous, patient picture with a startling final act, and there is a leaner, stranger film buried in here; the humour is broad and joyless. (Review 252)"
m/beta_harvest,Hannah Lindqvist,True,Daily Reel,Fresh,2.5/4,2020-04-09,"A sharp, moving film with terrific performances and real momentum, and there is a leaner, stranger film buried in here; it mistakes volume for tension. (Review 253)"
m/golden_sea,Hannah Lindqvist,True,Daily Reel,Fresh,8/10,2020-11-04,"An absolute delight from the first frame to the last, and the script respects its own premise. (Review 254)"
m/alpha_road,Hannah Lindqvist,True,Daily Reel,Fresh,85%,2023-07-14,"A sharp, moving film with terrific performances and real momentum, and the cinematography does real narrative work. (Review 255)"
m/beta_orbit,Hannah Lindqvist,True,Daily Reel,Fresh,6/10,2020-03-23,"A sharp, moving film with terrific performances and real momentum, and there is a leaner, stranger film buried in here. (Review 256)"
m/silent_city,Hannah Lindqvist,True,Daily Reel,Fresh,2.5/4,2020-10-31,"Assured, generous filmmaking that trusts its audience, and it works better as a mood piece than as a story. (Review 257)"
m/beta_night,Hannah Lindqvist,True,Daily Reel,Fresh,3.5/4,2021-03-04,"A gorgeous, patient picture with a startling final act, and the ensemble is uniformly excellent; it finds humour without undercutting the drama. (Review 258) Verdict: 3.5/4."
m/hollow_sea,Hannah Lindqvist,True,Daily Reel,Fresh,9,2022-07-21,"A gorgeous, patient picture with a startling final act, and the ensemble is uniformly excellent; it finds humour without undercutting the drama. (Review 259)"
m/alpha_sea,Hannah Lindqvist,True,Daily Reel,Fresh,85%,2022-01-05,"A sharp, moving film with terrific performances and real momentum, and the pacing never slackens. (Review 260) Verdict: 85%."
m/beta_harvest,Yusuf Demir,True,Screen Ledger,Fresh,5,2020-07-28,"An absolute delight from the first frame to the last, and the ambition is admirable even when the execution wobbles. (Review 261) Verdict: 5."
m/broken_orbit,Yusuf Demir,True,Screen Ledger,Fresh,3.5/4,2022-11-01,"Smart writing and a superb lead turn make this an easy recommendation, and it finds humour without undercutting the drama. (Review 262)"
m/alpha_sky,Yusuf Demir,True,Screen Ledger,Fresh,B+,2023-12-02,"An absolute delight from the first frame to the last, and the score is used sparingly and lands hard. (Review 263)"
m/beta_winter,Yusuf Demir,True,Screen Ledger,Rotten,1.5/5,2023-01-10,"A disappointing misfire that never finds its footing, and the third act abandons its own rules. (Review 264)"
m/crimson_night,Yusuf Demir,True,Screen Ledger,Rotten,3/10,2022-03-15,"A disappointing misfire that never finds its footing, and the leads have no chemistry to speak of; the leads have no chemistry to speak of. (Review 265) Verdict: 3/10."
m/beta_orbit,Yusuf Demir,True,Screen Ledger,Rotten,D,2020-04-20,"Flat characters and clumsy pacing sink whatever goodwill it builds, and the third act abandons its own rules. (Review 266)"
m/crimson_night,Yusuf Demir,True,Screen Ledger,Fresh,4.5/5,2021-12-02,"A gorgeous, patient picture with a startling final act, and the ensemble is uniformly excellent. (Review 267) Verdict: 4.5/5."
m/broken_orbit,Yusuf Demir,True,Screen Ledger,Fresh,C+,2022-06-06,"A gorgeous, patient picture with a startling final act, and there is a leaner, stranger film buried in here. (Review 268)"
m/epsilon_anthem,Yusuf Demir,True,Screen Ledger,Fresh,C+,2020-01-20,"Assured, generous filmmaking that trusts its audience, and the ambition is admirable even when the execution wobbles. (Review 269)"
m/golden_sky,Yusuf Demir,True,Screen Ledger,Fresh,4/5,2019-09-21,"Smart writing and a superb lead turn make this an easy recommendation, and the pacing never slackens. (Review 270)"
m/hollow_harvest,Yusuf Demir,True,Screen Ledger,Rotten,1.5/5,2023-07-03,"Handsomely mounted and entirely inert, and every twist arrives twenty minutes after you saw it coming. (Review 271)"
m/beta_sea,Yusuf Demir,True,Screen Ledger,Fresh,B+,2021-02-16,"A sharp, moving film with terrific performances and real momentum, and the ensemble is uniformly excellent. (Review 272)"
m/hollow_harvest,Yusuf Demir,True,Screen Ledger,Rotten,D+,2023-12-22,"Predictable and lifeless, with dialogue that lands with a thud, and the editing is actively confusing. (Review 273)"
m/beta_harvest,Yusuf Demir,True,Screen Ledger,Fresh,4.5/5,2020-08-10,"A sharp, moving film with terrific performances and real momentum, and the ensemble is uniformly excellent; the ensemble is uniformly excellent. (Review 274)"
m/beta_machine,Yusuf Demir,True,Screen Ledger,Fresh,85%,2020-10-16,"An absolute delight from the first frame to the last, and the cinematography does real narrative work; the cinematography does real narrative work. (Review 275) Verdict: 85%."
m/silent_winter,Yusuf Demir,True,Screen Ledger,Fresh,4/5,2022-06-22,"A sharp, moving film with terrific performances and real momentum, and the score is used sparingly and lands hard. (Review 276)"
m/gamma_road,Yusuf Demir,True,Screen Ledger,Rotten,1.5/5,2020-03-02,"Flat characters and clumsy pacing sink whatever goodwill it builds, and the leads have no chemistry to speak of. (Review 277) Verdict: 1.5/5."
m/northern_city,Yusuf Demir,True,Screen Ledger,Fresh,4.5/5,2023-02-28,"A gorgeous, patient picture with a startling final act, and the pacing never slackens; the cinematography does real narrative work. (Review 278)"
m/gamma_road,Yusuf Demir,True,Screen Ledger,Fresh,3.5/4,2020-08-22,"Assured, generous filmmaking that trusts its audience, and the pacing never slackens; the pacing never slackens. (Review 279)"
m/gamma_orbit,Yusuf Demir,True,Screen Ledger,Rotten,35%,2023-05-09,"Predictable and lifeless, with dialogue that lands with a thud, and the editing is actively confusing. (Review 280) Verdict: 35%."
m/gamma_orbit,Yusuf Demir,True,Screen Ledger,Fresh,B,2022-11-03,"Beautifully shot and confidently directed, it earns every beat, and the cinematography does real narrative work. (Review 281) Verdict: B."
m/alpha_sea,Yusuf Demir,True,Screen Ledger,Fresh,8/10,2022-02-23,"A gorgeous, patient picture with a startling final act, and it finds humour without undercutting the drama. (Review 282)"
m/beta_sea,Yusuf Demir,True,Screen Ledger,Rotten,1.5/5,2020-12-23,"A disappointing misfire that never finds its footing, and it mistakes volume for tension. (Review 283)"
m/broken_sky,Yusuf Demir,True,Screen Ledger,Fresh,A-,2023-01-20,"Beautifully shot and confidently directed, it earns every beat, and the cinematography does real narrative work; the ensemble is uniformly excellent. (Review 284) Verdict: A-."
m/silent_winter,Yusuf Demir,True,Screen Ledger,Fresh,3/5,2022-07-03,"An absolute delight from the first frame to the last, and it works better as a mood piece than as a story. (Review 285)"
m/hollow_road,Yusuf Demir,True,Screen Ledger,Fresh,4/5,2023-03-22,"Beautifully shot and confidently directed, it earns every beat, and the ensemble is uniformly excellent. (Review 286)"
m/beta_orbit,Yusuf Demir,True,Screen Ledger,Fresh,3.5/4,2020-11-25,"Smart writing and a superb lead turn make this an easy recommendation, and the pacing never slackens; it finds humour without undercutting the drama. (Review 287) Verdict: 3.5/4."
m/gamma_orbit,Yusuf Demir,True,Screen Ledger,Fresh,A-,2023-05-20,"A gorgeous, patient picture with a startling final act, and it finds humour without undercutting the drama. (Review 288) Verdict: A-."
m/crimson_night,Yusuf Demir,True,Screen Ledger,Rotten,C-,2022-05-30,"A disappointing misfire that never finds its footing, and the humour is broad and joyless. (Review 289) Verdict: C-."
m/beta_road,Yusuf Demir,True,Screen Ledger,Rotten,1/4,2023-07-04,"A disappointing misfire that never finds its footing, and the third act abandons its own rules; the third act abandons its own rules. (Review 290) Verdict: 1/4."
m/crimson_night,Yusuf Demir,True,Screen Ledger,Fresh,8/10,2022-01-06,"A sharp, moving film with terrific performances and real momentum, and the ensemble is uniformly excellent; the script respects its own premise. (Review 291) Verdict: 8/10."
m/beta_orbit,Yusuf Demir,True,Screen Ledger,Fresh,4.5/5,2020-04-18,"Assured, generous filmmaking that trusts its audience, and the pacing never slackens; the pacing never slackens. (Review 292) Verdict: 4.5/5."
m/hollow_road,Clara Benoit,True,Frame Weekly,Fresh,4.5/5,2023-09-14,"An absolute delight from the first frame to the last, and the cinematography does real narrative work. (Review 293)"
m/crimson_city,Clara Benoit,True,Frame Weekly,Fresh,6/10,2021-03-10,"A sharp, moving film with terrific performances and real momentum, and the ambition is admirable even when the execution wobbles. (Review 294)"
m/last_sky,Clara Benoit,True,Frame Weekly,Fresh,4.5/5,2020-09-25,"Beautifully shot and confidently directed, it earns every beat, and the cinematography does real narrative work; the score is used sparingly and lands hard. (Review 295)"
m/broken_sea,Clara Benoit,True,Frame Weekly,Fresh,85%,2022-06-11,"A gorgeous, patient picture with a startling final act, and the score is used sparingly and lands hard. (Review 296) Verdict: 85%."
m/delta_road,Clara Benoit,True,Frame Weekly,Fresh,85%,2022-06-22,"A gorgeous, patient picture with a startling final act, and the cinematography does real narrative work. (Review 297)"
m/gamma_road,Clara Benoit,True,Frame Weekly,Fresh,4.5/5,2020-03-01,"A gorgeous, patient picture with a startling final act, and it finds humour without undercutting the drama. (Review 298)"
m/broken_sea,Clara Benoit,True,Frame Weekly,Fresh,60%,2022-10-03,"Assured, generous filmmaking that trusts its audience, and it works better as a mood piece than as a story; the third act abandons its own rules. (Review 299)"
m/hollow_winter,Clara Benoit,True,Frame Weekly,Fresh,B,2020-08-16,"A gorgeous, patient picture with a startling final act, and the pacing never slackens. (Review 300) Verdict: B."
m/silent_anthem,Clara Benoit,True,Frame Weekly,Fresh,8/10,2022-10-20,"An absolute delight from the first frame to the last, and the ensemble is uniformly excellent. (Review 301)"
m/beta_orbit,Clara Benoit,True,Frame Weekly,Fresh,2.5/4,2020-03-27,"Assured, generous filmmaking that trusts its audience, and there is a leaner, stranger film buried in here. (Review 302) Verdict: 2.5/4."
m/northern_road,Clara Benoit,True,Frame Weekly,Fresh,A-,2022-07-07,"Smart writing and a superb lead turn make this an easy recommendation, and the pacing never slackens; the pacing never slackens. (Review 303)"
m/beta_road,Clara Benoit,True,Frame Weekly,Fresh,B,2023-08-13,"Assured, generous filmmaking that trusts its audience, and the pacing never slackens. (Review 304) Verdict: B."
m/epsilon_anthem,Clara Benoit,True,Frame Weekly,Rotten,1/4,2021-01-16,"Weightless spectacle in search of a reason to exist, and every twist arrives twenty minutes after you saw it coming. (Review 305)"
m/epsilon_road,Clara Benoit,True,Frame Weekly,Fresh,2.5/4,2023-01-15,"A sharp, moving film with terrific performances and real momentum, and the ambition is admirable even when the execution wobbles. (Review 306)"
m/crimson_night,Clara Benoit,True,Frame Weekly,Fresh,2.5/4,2022-04-14,"A gorgeous, patient picture with a startling final act, and the ambition is admirable even when the execution wobbles; every twist arrives twenty minutes after you saw it coming. (Review 307)"
m/epsilon_road,Clara Benoit,True,Frame Weekly,Fresh,4/5,2023-03-09,"A sharp, moving film with terrific performances and real momentum, and the score is used sparingly and lands hard; the ensemble is uniformly excellent. (Review 308)"
m/last_sky,Clara Benoit,True,Frame Weekly,Fresh,8/10,2021-05-09,"Smart writing and a superb lead turn make this an easy recommendation, and the script respects its own premise; the ensemble is uniformly excellent. (Review 309)"
m/golden_sky,Clara Benoit,True,Frame Weekly,Rotten,35%,2019-08-30,"Flat characters and clumsy pacing sink whatever goodwill it builds, and the editing is actively confusing. (Review 310) Verdict: 35%."
m/hollow_harvest,Clara Benoit,True,Frame Weekly,Fresh,3.5/4,2024-01-27,"Beautifully shot and confidently directed, it earns every beat, and the score is used sparingly and lands hard; the ensemble is uniformly excellent. (Review 311)"
m/beta_road,Clara Benoit,True,Frame Weekly,Fresh,B+,2023-09-22,"A gorgeous, patient picture with a startling final act, and it finds humour without undercutting the drama. (Review 312)"
m/epsilon_anthem,Clara Benoit,True,Frame Weekly,Rotten,D,2020-03-19,"Weightless spectacle in search of a reason to exist, and the leads have no chemistry to speak of. (Review 313)"
m/broken_sea,Clara Benoit,True,Frame Weekly,Fresh,2.5/4,2023-03-07,"Assured, generous filmmaking that trusts its audience, and the ambition is admirable even when the execution wobbles. (Review 314)"
m/beta_road,Clara Benoit,True,Frame Weekly,Fresh,4.5/5,2023-11-16,"Beautifully shot and confidently directed, it earns every beat, and the pacing never slackens. (Review 315) Verdict: 4.5/5."
m/beta_sea,Clara Benoit,True,Frame Weekly,Fresh,85%,2021-12-19,"Smart writing and a superb lead turn make this an easy recommendation, and it finds humour without undercutting the drama; the cinematography does real narrative work. (Review 316)"
m/beta_city,Clara Benoit,True,Frame Weekly,Rotten,C-,2022-12-06,"Weightless spectacle in search of a reason to exist, and the leads have no chemistry to speak of. (Review 317)"
m/northern_city,Clara Benoit,True,Frame Weekly,Fresh,6/10,2022-04-26,"Smart writing and a superb lead turn make this an easy recommendation, and it works better as a mood piece than as a story. (Review 318)"
m/broken_sea,Clara Benoit,True,Frame Weekly,Rotten,2,2022-11-23,"Flat characters and clumsy pacing sink whatever goodwill it builds, and the editing is actively confusing. (Review 319)"
m/beta_harvest,Clara Benoit,True,Frame Weekly,Fresh,A-,2020-09-19,"Assured, generous filmmaking that trusts its audience, and the ensemble is uniformly excellent. (Review 320)"
m/northern_road,Clara Benoit,True,Frame Weekly,Fresh,4.5/5,2022-08-12,"Smart writing and a superb lead turn make this an easy recommendation, and the score is used sparingly and lands hard. (Review 321)"
m/silent_garden,Clara Benoit,True,Frame Weekly,Fresh,4.5/5,2023-08-10,"A sharp, moving film with terrific performances and real momentum, and the pacing never slackens; the cinematography does real narrative work. (Review 322)"
m/hollow_winter,Clara Benoit,True,Frame Weekly,Fresh,2.5/4,2020-06-22,"An absolute delight from the first frame to the last, and it works better as a mood piece than as a story; it mistakes volume for tension. (Review 323)"
m/golden_sea,Clara Benoit,True,Frame Weekly,Fresh,A-,2021-05-18,"Assured, generous filmmaking that trusts its audience, and the score is used sparingly and lands hard. (Review 324)"
m/hollow_road,Clara Benoit,True,Frame Weekly,Fresh,6/10,2023-09-09,"A sharp, moving film with terrific performances and real momentum, and the ambition is admirable even when the execution wobbles. (Review 325)"
m/epsilon_anthem,Ravi Menon,True,The Reeling,Fresh,B+,2020-07-04,"Smart writing and a superb lead turn make this an easy recommendation, and the ensemble is uniformly excellent; the pacing never slackens. (Review 326)"
m/broken_sky,Ravi Menon,True,The Reeling,Fresh,B,2023-02-19,"Beautifully shot and confidently directed, it earns every beat, and the ensemble is uniformly excellent. (Review 327)"
m/silent_anthem,Ravi Menon,True,The Reeling,Fresh,8/10,2022-04-16,"A gorgeous, patient picture with a startling final act, and the score is used sparingly and lands hard. (Review 328)"
m/hollow_road,Ravi Menon,True,The Reeling,Fresh,3/5,2023-01-26,"Smart writing and a superb lead turn make this an easy recommendation, and it works better as a mood piece than as a story. (Review 329)"
m/alpha_sea,Ravi Menon,True,The Reeling,Fresh,B+,2022-09-14,"Assured, generous filmmaking that trusts its audience, and the score is used sparingly and lands hard. (Review 330)"
m/beta_orbit,Ravi Menon,True,The Reeling,Fresh,4/5,2021-03-24,"Beautifully shot and confidently directed, it earns every beat, and the ensemble is uniformly excellent. (Review 331)"
m/crimson_night,Ravi Menon,True,The Reeling,Fresh,A-,2022-05-08,"A sharp, moving film with terrific performances and real momentum, and the cinematography does real narrative work; it finds humour without undercutting the drama. (Review 332)"
m/beta_winter,Ravi Menon,True,The Reeling,Fresh,85%,2022-08-19,"Smart writing and a superb lead turn make this an easy recommendation, and the cinematography does real narrative work. (Review 333)"
m/hollow_road,Ravi Menon,True,The Reeling,Fresh,B+,2023-11-05,"Smart writing and a superb lead turn make this an easy recommendation, and the script respects its own premise. (Review 334)"
m/silent_garden,Ravi Menon,True,The Reeling,Fresh,3/5,2023-08-06,"Smart writing and a superb lead turn make this an easy recommendation, and there is a leaner, stranger film buried in here; it mistakes volume for tension. (Review 335)"
m/broken_orbit,Ravi Menon,True,The Reeling,Fresh,4.5/5,2021-11-06,"A sharp, moving film with terrific performances and real momentum, and the cinematography does real narrative work; it finds humour without undercutting the drama. (Review 336)"
m/last_sky,Ravi Menon,True,The Reeling,Fresh,B,2020-10-06,"Assured, generous filmmaking that trusts its audience, and it finds humour without undercutting the drama. (Review 337)"
m/hollow_sea,Ravi Menon,True,The Reeling,Fresh,8/10,2022-12-04,"Beautifully shot and confidently directed, it earns every beat, and the ensemble is uniformly excellent; the pacing never slackens. (Review 338)"
m/silent_winter,Ravi Menon,True,The Reeling,Fresh,B+,2022-06-30,"Smart writing and a superb lead turn make this an easy recommendation, and the score is used sparingly and lands hard; it finds humour without undercutting the drama. (Review 339)"
m/epsilon_night,Ravi Menon,True,The Reeling,Fresh,4.5/5,2023-05-15,"Assured, generous filmmaking that trusts its audience, and the ensemble is uniformly excellent; the ensemble is uniformly excellent. (Review 340) Verdict: 4.5/5."
m/beta_sea,Ravi Menon,True,The Reeling,Fresh,4/5,2021-09-09,"Assured, generous filmmaking that trusts its audience, and the ensemble is uniformly excellent. (Review 341)"
m/northern_city,Ravi Menon,True,The Reeling,Fresh,3.5/4,2022-06-09,"Smart writing and a superb lead turn make this an easy recommendation, and the script respects its own premise; the pacing never slackens. (Review 342)"
m/beta_road,Ravi Menon,True,The Reeling,Fresh,4.5/5,2023-05-15,"An absolute delight from the first frame to the last, and the pacing never slackens. (Review 343)"
m/silent_garden,Ravi Menon,True,The Reeling,Fresh,9,2023-06-29,"A gorgeous, patient picture with a startling final act, and the ensemble is uniformly excellent. (Review 344)"
m/gamma_city,Ravi Menon,True,The Reeling,Fresh,A-,2021-09-14,"Smart writing and a superb lead turn make this an easy recommendation, and it finds humour without undercutting the drama; the ensemble is uniformly excellent. (Review 345)"
m/beta_night,Ravi Menon,True,The Reeling,Fresh,8/10,2021-10-07,"A gorgeous, patient picture with a startling final act, and it finds humour without undercutting the drama. (Review 346)"
m/beta_road,Ravi Menon,True,The Reeling,Fresh,9,2023-11-09,"Beautifully shot and confidently directed, it earns every beat, and it finds humour without undercutting the drama; it finds humour without undercutting the drama. (Review 347) Verdict: 9."
m/hollow_sea,Ravi Menon,True,The Reeling,Fresh,8/10,2022-07-28,"A gorgeous, patient picture with a startling final act, and the script respects its own premise; the cinematography does real narrative work. (Review 348) Verdict: 8/10."
m/crimson_night,Ravi Menon,True,The Reeling,Fresh,A-,2022-06-04,"Beautifully shot and confidently directed, it earns every beat, and the pacing never slackens; the cinematography does real narrative work. (Review 349)"
m/alpha_sky,Ravi Menon,True,The Reeling,Fresh,4.5/5,2023-01-06,"Assured, generous filmmaking that trusts its audience, and the cinematography does real narrative work. (Review 350)"
m/beta_night,Ravi Menon,True,The Reeling,Fresh,3.5/4,2021-08-19,"A gorgeous, patient picture with a startling final act, and the cinematography does real narrative work; the cinematography does real narrative work. (Review 351)"
m/alpha_road,Ravi Menon,True,The Reeling,Fresh,4.5/5,2023-12-07,"A gorgeous, patient picture with a startling final act, and the ensemble is uniformly excellent. (Review 352)"
m/silent_city,Greta Halvorsen,True,Northside Review,Rotten,35%,2021-03-14,"A disappointing misfire that never finds its footing, and the editing is actively confusing; the leads have no chemistry to speak of. (Review 353)"
m/hollow_winter,Greta Halvorsen,True,Northside Review,Rotten,3/10,2020-10-02,"Weightless spectacle in search of a reason to exist, and the leads have no chemistry to speak of; the editing is actively confusing. (Review 354)"
m/hollow_winter,Greta Halvorsen,True,Northside Review,Rotten,3/10,2020-06-18,"Weightless spectacle in search of a reason to exist, and it mistakes volume for tension. (Review 355) Verdict: 3/10."
m/epsilon_road,Greta Halvorsen,True,Northside Review,Rotten,3/10,2023-02-20,"Handsomely mounted and entirely inert, and the third act abandons its own rules; it mistakes volume for tension. (Review 356)"
m/crimson_city,Greta Halvorsen,True,Northside Review,Fresh,85%,2020-10-29,"Assured, generous filmmaking that trusts its audience, and the pacing never slackens. (Review 357) Verdict: 85%."
m/beta_road,Greta Halvorsen,True,Northside Review,Fresh,3/5,2023-04-28,"Assured, generous filmmaking that trusts its audience, and the ambition is admirable even when the execution wobbles. (Review 358)"
m/gamma_road,Greta Halvorsen,True,Northside Review,Fresh,9,2020-05-24,"An absolute delight from the first frame to the last, and the score is used sparingly and lands hard. (Review 359) Verdict: 9."
m/epsilon_anthem,Greta Halvorsen,True,Northside Review,Rotten,1.5/5,2020-03-11,"Flat characters and clumsy pacing sink whatever goodwill it builds, and the leads have no chemistry to speak of. (Review 360)"
m/hollow_anthem,Greta Halvorsen,True,Northside Review,Rotten,C-,2022-08-26,"A tedious, overlong mess that squanders a promising premise, and it mistakes volume for tension; the third act abandons its own rules. (Review 361)"
m/alpha_signal,Greta Halvorsen,True,Northside Review,Fresh,4.5/5,2020-05-20,"Assured, generous filmmaking that trusts its audience, and the pacing never slackens. (Review 362)"
m/hollow_road,Greta Halvorsen,True,Northside Review,Rotten,2,2023-06-29,"Handsomely mounted and entirely inert, and the third act abandons its own rules. (Review 363)"
m/golden_road,Greta Halvorsen,True,Northside Review,Rotten,2,2021-11-07,"Handsomely mounted and entirely inert, and the humour is broad and joyless. (Review 364)"
m/beta_sea,Greta Halvorsen,True,Northside Review,Rotten,D+,2021-12-10,"Predictable and lifeless, with dialogue that lands with a thud, and the leads have no chemistry to speak of. (Review 365)"
m/hollow_sea,Greta Halvorsen,True,Northside Review,Rotten,2,2023-03-11,"Predictable and lifeless, with dialogue that lands with a thud, and it mistakes volume for tension. (Review 366)"
m/hollow_sea,Greta Halvorsen,True,Northside Review,Fresh,5,2023-01-06,"Beautifully shot and confidently directed, it earns every beat, and it works better as a mood piece than as a story. (Review 367)"
m/beta_night,Greta Halvorsen,True,Northside Review,Rotten,D+,2022-01-22,"Handsomely mounted and entirely inert, and the leads have no chemistry to speak of. (Review 368) Verdict: D+."
m/silent_winter,Greta Halvorsen,True,Northside Review,Fresh,85%,2022-09-22,"Beautifully shot and confidently directed, it earns every beat, and the script respects its own premise. (Review 369) Verdict: 85%."
m/crimson_night,Greta Halvorsen,True,Northside Review,Fresh,C+,2022-04-26,"A sharp, moving film with terrific performances and real momentum, and the ambition is admirable even when the execution wobbles. (Review 370) Verdict: C+."
m/silent_winter,Greta Halvorsen,True,Northside Review,Rotten,D+,2022-11-22,"Weightless spectacle in search of a reason to exist, and it mistakes volume for tension; the third act abandons its own rules. (Review 371)"
m/gamma_road,Greta Halvorsen,True,Northside Review,Rotten,2,2020-03-09,"Weightless spectacle in search of a reason to exist, and the editing is actively confusing; the editing is actively confusing. (Review 372)"
m/silent_winter,Greta Halvorsen,True,Northside Review,Fresh,4.5/5,2022-04-03,"A sharp, moving film with terrific performances and real momentum, and it finds humour without undercutting the drama. (Review 373)"
m/gamma_road,Greta Halvorsen,True,Northside Review,Rotten,C-,2020-05-01,"A disappointing misfire that never finds its footing, and the editing is actively confusing. (Review 374)"
m/silent_city,Greta Halvorsen,True,Northside Review,Fresh,3.5/4,2021-06-01,"Assured, generous filmmaking that trusts its audience, and it finds humour without undercutting the drama. (Review 375)"
m/golden_sky,Greta Halvorsen,True,Northside Review,Fresh,4/5,2020-04-02,"Assured, generous filmmaking that trusts its audience, and the score is used sparingly and lands hard; the ensemble is uniformly excellent. (Review 376) Verdict: 4/5."
m/hollow_winter,Greta Halvorsen,True,Northside Review,Fresh,2.5/4,2021-07-19,"A gorgeous, patient picture with a startling final act, and it works better as a mood piece than as a story. (Review 377)"
m/epsilon_road,Greta Halvorsen,True,Northside Review,Fresh,B+,2022-05-16,"A gorgeous, patient picture with a startling final act, and the cinematography does real narrative work. (Review 378)"
m/alpha_road,Greta Halvorsen,True,Northside Review,Fresh,3.5/4,2023-02-11,"An absolute delight from the first frame to the last, and the score is used sparingly and lands hard. (Review 379)"
m/epsilon_anthem,Greta Halvorsen,True,Northside Review,Fresh,8/10,2021-01-08,"A gorgeous, patient picture with a startling final act, and the score is used sparingly and lands hard. (Review 380)"
m/beta_night,Greta Halvorsen,True,Northside Review,Rotten,D,2021-12-09,"A tedious, overlong mess that squanders a promising premise, and the editing is actively confusing; the third act abandons its own rules. (Review 381)"
m/alpha_sky,Greta Halvorsen,True,Northside Review,Rotten,3/10,2022-11-29,"Weightless spectacle in search of a reason to exist, and the humour is broad and joyless. (Review 382)"
m/hollow_winter,Greta Halvorsen,True,Northside Review,Rotten,3/10,2020-07-04,"Weightless spectacle in search of a reason to exist, and the leads have no chemistry to speak of. (Review 383) Verdict: 3/10."
m/beta_night,Greta Halvorsen,True,Northside Review,Rotten,2,2021-11-14,"Weightless spectacle in search of a reason to exist, and the humour is broad and joyless. (Review 384) Verdict: 2."
m/beta_city,Oscar Delgado,True,The Reeling,Fresh,4/5,2022-09-10,"A gorgeous, patient picture with a startling final act, and the score is used sparingly and lands hard; the script respects its own premise. (Review 385) Verdict: 4/5."
m/alpha_sea,Oscar Delgado,True,The Reeling,Fresh,9,2022-05-29,"Assured, generous filmmaking that trusts its audience, and the score is used sparingly and lands hard; the score is used sparingly and lands hard. (Review 386) Verdict: 9."
m/last_sky,Oscar Delgado,True,The Reeling,Fresh,9,2021-07-24,"Smart writing and a superb lead turn make this an easy recommendation, and it finds humour without undercutting the drama. (Review 387)"
m/alpha_signal,Oscar Delgado,True,The Reeling,Fresh,60%,2019-11-15,"An absolute delight from the first frame to the last, and it works better as a mood piece than as a story; the humour is broad and joyless. (Review 388)"
m/hollow_sea,Oscar Delgado,True,The Reeling,Fresh,6/10,2022-07-13,"Assured, generous filmmaking that trusts its audience, and there is a leaner, stranger film buried in here. (Review 389)"
m/hollow_anthem,Oscar Delgado,True,The Reeling,Fresh,4/5,2022-12-24,"An absolute delight from the first frame to the last, and the script respects its own premise; the score is used sparingly and lands hard. (Review 390) Verdict: 4/5."
m/alpha_sky,Oscar Delgado,True,The Reeling,Fresh,4/5,2023-05-28,"Smart writing and a superb lead turn make this an easy recommendation, and the score is used sparingly and lands hard; the ensemble is uniformly excellent. (Review 391)"
m/epsilon_road,Oscar Delgado,True,The Reeling,Fresh,8/10,2023-01-02,"Beautifully shot and confidently directed, it earns every beat, and it finds humour without undercutting the drama; the script respects its own premise. (Review 392)"
m/alpha_signal,Oscar Delgado,True,The Reeling,Rotten,1.5/5,2019-08-11,"Handsomely mounted and entirely inert, and the humour is broad and joyless. (Review 393) Verdict: 1.5/5."
m/beta_machine,Oscar Delgado,True,The Reeling,Fresh,3/5,2020-10-06,"Beautifully shot and confidently directed, it earns every beat, and the ambition is admirable even when the execution wobbles. (Review 394)"
m/northern_city,Oscar Delgado,True,The Reeling,Fresh,B+,2022-12-25,"An absolute delight from the first frame to the last, and the score is used sparingly and lands hard. (Review 395) Verdict: B+."
m/alpha_signal,Oscar Delgado,True,The Reeling,Fresh,B,2020-03-25,"An absolute delight from the first frame to the last, and it finds humour without undercutting the drama; the score is used sparingly and lands hard. (Review 396) Verdict: B."
m/silent_anthem,Oscar Delgado,True,The Reeling,Fresh,B,2022-10-15,"A gorgeous, patient picture with a startling final act, and the ensemble is uniformly excellent. (Review 397) Verdict: B."
m/broken_sea,Oscar Delgado,True,The Reeling,Fresh,8/10,2022-09-02,"An absolute delight from the first frame to the last, and it finds humour without undercutting the drama. (Review 398)"
m/beta_orbit,Oscar Delgado,True,The Reeling,Fresh,B+,2020-08-25,"Beautifully shot and confidently directed, it earns every beat, and the score is used sparingly and lands hard. (Review 399)"
m/delta_road,Oscar Delgado,True,The Reeling,Fresh,B,2021-11-20,"Assured, generous filmmaking that trusts its audience, and the pacing never slackens. (Review 400)"
m/broken_sky,Mei Tanaka,True,Frame Weekly,Rotten,D,2022-06-13,"Predictable and lifeless, with dialogue that lands with a thud, and every twist arrives twenty minutes after you saw it coming. (Review 401) Verdict: D."
m/beta_city,Mei Tanaka,True,Frame Weekly,Fresh,8/10,2022-09-25,"Beautifully shot and confidently directed, it earns every beat, and the pacing never slackens. (Review 402)"
m/silent_winter,Mei Tanaka,True,Frame Weekly,Fresh,B,2022-06-04,"An absolute delight from the first frame to the last, and it finds humour without undercutting the drama; the score is used sparingly and lands hard. (Review 403) Verdict: B."
m/golden_sea,Mei Tanaka,True,Frame Weekly,Fresh,9,2021-06-24,"Beautifully shot and confidently directed, it earns every beat, and the ensemble is uniformly excellent. (Review 404) Verdict: 9."
m/beta_winter,Mei Tanaka,True,Frame Weekly,Fresh,A-,2022-10-22,"Assured, generous filmmaking that trusts its audience, and the cinematography does real narrative work. (Review 405) Verdict: A-."
m/silent_garden,Mei Tanaka,True,Frame Weekly,Rotten,D+,2022-12-31,"Flat characters and clumsy pacing sink whatever goodwill it builds, and the humour is broad and joyless; it mistakes volume for tension. (Review 406)"
m/silent_winter,Mei Tanaka,True,Frame Weekly,Fresh,4.5/5,2022-12-15,"A gorgeous, patient picture with a startling final act, and the cinematography does real narrative work; the score is used sparingly and lands hard. (Review 407)"
m/golden_sky,Mei Tanaka,True,Frame Weekly,Fresh,5,2020-05-04,"Smart writing and a superb lead turn make this an easy recommendation, and the ambition is admirable even when the execution wobbles; it mistakes volume for tension. (Review 408)"
m/delta_road,Mei Tanaka,True,Frame Weekly,Fresh,3.5/4,2022-04-09,"Beautifully shot and confidently directed, it earns every beat, and the cinematography does real narrative work; it finds humour without undercutting the drama. (Review 409)"
m/beta_orbit,Mei Tanaka,True,Frame Weekly,Fresh,4/5,2021-01-13,"Smart writing and a superb lead turn make this an easy recommendation, and the score is used sparingly and lands hard; the cinematography does real narrative work. (Review 410)"
m/golden_road,Mei Tanaka,True,Frame Weekly,Rotten,2,2021-10-22,"Flat characters and clumsy pacing sink whatever goodwill it builds, and the editing is actively confusing; the humour is broad and joyless. (Review 411)"
m/golden_sea,Mei Tanaka,True,Frame Weekly,Fresh,4.5/5,2020-12-01,"A gorgeous, patient picture with a startling final act, and the cinematography does real narrative work; the score is used sparingly and lands hard. (Review 412) Verdict: 4.5/5."
m/beta_orbit,Mei Tanaka,True,Frame Weekly,Fresh,A-,2020-11-25,"An absolute delight from the first frame to the last, and it finds humour without undercutting the drama; the pacing never slackens. (Review 413)"
m/crimson_city,Mei Tanaka,True,Frame Weekly,Fresh,3.5/4,2021-04-11,"Beautifully shot and confidently directed, it earns every beat, and the script respects its own premise; the ensemble is uniformly excellent. (Review 414)"
m/alpha_sky,Mei Tanaka,True,Frame Weekly,Rotten,D+,2023-04-18,"Flat characters and clumsy pacing sink whatever goodwill it builds, and the third act abandons its own rules; the third act abandons its own rules. (Review 415)"
m/golden_road,Mei Tanaka,True,Frame Weekly,Rotten,1/4,2022-05-07,"Predictable and lifeless, with dialogue that lands with a thud, and it mistakes volume for tension; the editing is actively confusing. (Review 416)"
m/gamma_road,Mei Tanaka,True,Frame Weekly,Fresh,8/10,2020-07-11,"An absolute delight from the first frame to the last, and the score is used sparingly and lands hard. (Review 417)"
m/gamma_road,Mei Tanaka,True,Frame Weekly,Fresh,4.5/5,2020-09-21,"A gorgeous, patient picture with a startling final act, and the pacing never slackens; the pacing never slackens. (Review 418)"
m/silent_garden,Mei Tanaka,True,Frame Weekly,Rotten,2,2023-08-05,"A tedious, overlong mess that squanders a promising premise, and every twist arrives twenty minutes after you saw it coming. (Review 419) Verdict: 2."
m/crimson_city,Mei Tanaka,True,Frame Weekly,Fresh,B,2020-11-06,"A gorgeous, patient picture with a startling final act, and the pacing never slackens. (Review 420) Verdict: B."
m/golden_sea,Mei Tanaka,True,Frame Weekly,Fresh,A-,2020-10-21,"An absolute delight from the first frame to the last, and the score is used sparingly and lands hard; the score is used sparingly and lands hard. (Review 421)"
m/beta_machine,Mei Tanaka,True,Frame Weekly,Fresh,5,2020-10-26,"A gorgeous, patient picture with a startling final act, and there is a leaner, stranger film buried in here. (Review 422) Verdict: 5."
m/last_sky,Mei Tanaka,True,Frame Weekly,Fresh,4/5,2020-11-27,"A sharp, moving film with terrific performances and real momentum, and the score is used sparingly and lands hard. (Review 423)"
m/epsilon_anthem,Mei Tanaka,True,Frame Weekly,Fresh,4.5/5,2020-02-28,"Smart writing and a superb lead turn make this an easy recommendation, and the ensemble is uniformly excellent; it finds humour without undercutting the drama. (Review 424)"
m/northern_city,Mei Tanaka,True,Frame Weekly,Fresh,60%,2023-02-17,"A sharp, moving film with terrific performances and real momentum, and the ambition is admirable even when the execution wobbles. (Review 425) Verdict: 60%."
m/silent_garden,Mei Tanaka,True,Frame Weekly,Fresh,4/5,2023-05-29,"A sharp, moving film with terrific performances and real momentum, and the ensemble is uniformly excellent. (Review 426)"
m/delta_road,Mei Tanaka,True,Frame Weekly,Fresh,3.5/4,2021-10-15,"Assured, generous filmmaking that trusts its audience, and the script respects its own premise. (Review 427)"
m/gamma_orbit,Mei Tanaka,True,Frame Weekly,Fresh,4.5/5,2022-09-25,"Beautifully shot and confidently directed, it earns every beat, and it finds humour without undercutting the drama. (Review 428)"
m/epsilon_night,Mei Tanaka,True,Frame Weekly,Fresh,3.5/4,2023-06-17,"Smart writing and a superb lead turn make this an easy recommendation, and the script respects its own premise. (Review 429) Verdict: 3.5/4."
m/beta_road,Mei Tanaka,True,Frame Weekly,Rotten,2,2023-07-31,"A disappointing misfire that never finds its footing, and the leads have no chemistry to speak of. (Review 430)"
m/beta_city,Mei Tanaka,True,Frame Weekly,Fresh,3.5/4,2022-01-17,"A gorgeous, patient picture with a startling final act, and the pacing never slackens. (Review 431) Verdict: 3.5/4."
m/alpha_sea,Mei Tanaka,True,Frame Weekly,Fresh,4/5,2022-05-25,"Assured, generous filmmaking that trusts its audience, and the script respects its own premise; the script respects its own premise. (Review 432) Verdict: 4/5."
m/alpha_sky,Mei Tanaka,True,Frame Weekly,Fresh,3.5/4,2023-08-16,"A sharp, moving film with terrific performances and real momentum, and the pacing never slackens. (Review 433)"
m/hollow_sea,Julian Frost,True,Screen Ledger,Fresh,3.5/4,2022-08-13,"An absolute delight from the first frame to the last, and the pacing never slackens; it finds humour without undercutting the drama. (Review 434) Verdict: 3.5/4."
m/silent_anthem,Julian Frost,True,Screen Ledger,Rotten,D+,2022-08-05,"Flat characters and clumsy pacing sink whatever goodwill it builds, and the third act abandons its own rules. (Review 435)"
m/alpha_signal,Julian Frost,True,Screen Ledger,Fresh,3.5/4,2019-09-19,"A gorgeous, patient picture with a startling final act, and the cinematography does real narrative work. (Review 436) Verdict: 3.5/4."
m/hollow_harvest,Julian Frost,True,Screen Ledger,Fresh,B,2023-05-27,"Beautifully shot and confidently directed, it earns every beat, and the pacing never slackens. (Review 437) Verdict: B."
m/beta_orbit,Julian Frost,True,Screen Ledger,Fresh,A-,2020-09-08,"Smart writing and a superb lead turn make this an easy recommendation, and the score is used sparingly and lands hard. (Review 438)"
m/crimson_night,Julian Frost,True,Screen Ledger,Fresh,3.5/4,2022-03-03,"Beautifully shot and confidently directed, it earns every beat, and it finds humour without undercutting the drama; the pacing never slackens. (Review 439)"
m/silent_city,Julian Frost,True,Screen Ledger,Fresh,5,2020-10-07,"A sharp, moving film with terrific performances and real momentum, and the ambition is admirable even when the execution wobbles; the humour is broad and joyless. (Review 440) Verdict: 5."
m/epsilon_anthem,Julian Frost,True,Screen Ledger,Fresh,A-,2020-06-23,"Assured, generous filmmaking that trusts its audience, and the pacing never slackens. (Review 441) Verdict: A-."
m/golden_sky,Julian Frost,True,Screen Ledger,Fresh,4.5/5,2019-07-01,"Smart writing and a superb lead turn make this an easy recommendation, and the pacing never slackens. (Review 442)"
m/alpha_road,Julian Frost,True,Screen Ledger,Fresh,3.5/4,2023-08-19,"An absolute delight from the first frame to the last, and it finds humour without undercutting the drama. (Review 443) Verdict: 3.5/4."
m/alpha_signal,Julian Frost,True,Screen Ledger,Fresh,A-,2019-09-11,"A gorgeous, patient picture with a startling final act, and the cinematography does real narrative work. (Review 444) Verdict: A-."
m/hollow_harvest,Julian Frost,True,Screen Ledger,Fresh,2.5/4,2023-01-27,"Smart writing and a superb lead turn make this an easy recommendation, and there is a leaner, stranger film buried in here. (Review 445)"
m/broken_orbit,Julian Frost,True,Screen Ledger,Fresh,B,2022-07-19,"Assured, generous filmmaking that trusts its audience, and the score is used sparingly and lands hard. (Review 446)"
m/last_sky,Julian Frost,True,Screen Ledger,Fresh,8/10,2021-04-20,"Smart writing and a superb lead turn make this an easy recommendation, and the pacing never slackens; the score is used sparingly and lands hard. (Review 447) Verdict: 8/10."
m/golden_sea,Julian Frost,True,Screen Ledger,Fresh,4.5/5,2021-01-30,"Smart writing and a superb lead turn make this an easy recommendation, and the score is used sparingly and lands hard. (Review 448)"
m/silent_garden,Julian Frost,True,Screen Ledger,Fresh,B,2023-05-03,"Assured, generous filmmaking that trusts its audience, and the score is used sparingly and lands hard. (Review 449) Verdict: B."
m/epsilon_anthem,Julian Frost,True,Screen Ledger,Fresh,4/5,2020-02-27,"Smart writing and a superb lead turn make this an easy recommendation, and the score is used sparingly and lands hard. (Review 450)"
m/alpha_sea,Nadia Haddad,True,Cinema Post,Fresh,85%,2022-10-03,"Assured, generous filmmaking that trusts its audience, and the score is used sparingly and lands hard. (Review 451)"
m/epsilon_anthem,Nadia Haddad,True,Cinema Post,Fresh,4.5/5,2020-07-13,"Assured, generous filmmaking that trusts its audience, and it finds humour without undercutting the drama. (Review 452)"
m/gamma_city,Nadia Haddad,True,Cinema Post,Rotten,1/4,2021-05-20,"Handsomely mounted and entirely inert, and it mistakes volume for tension. (Review 453)"
m/beta_road,Nadia Haddad,True,Cinema Post,Rotten,1.5/5,2023-03-02,"A disappointing misfire that never finds its footing, and the humour is broad and joyless; the humour is broad and joyless. (Review 454)"
m/northern_city,Nadia Haddad,True,Cinema Post,Rotten,3/10,2023-01-04,"Weightless spectacle in search of a reason to exist, and the editing is actively confusing. (Review 455) Verdict: 3/10."
m/crimson_city,Nadia Haddad,True,Cinema Post,Fresh,9,2020-07-20,"Assured, generous filmmaking that trusts its audience, and the ensemble is uniformly excellent; the score is used sparingly and lands hard. (Review 456)"
m/silent_garden,Nadia Haddad,True,Cinema Post,Rotten,35%,2023-01-13,"Predictable and lifeless, with dialogue that lands with a thud, and it mistakes volume for tension. (Review 457)"
m/northern_road,Nadia Haddad,True,Cinema Post,Fresh,4.5/5,2023-01-25,"Assured, generous filmmaking that trusts its audience, and the ensemble is uniformly excellent. (Review 458)"
m/broken_orbit,Nadia Haddad,True,Cinema Post,Fresh,85%,2022-01-19,"Beautifully shot and confidently directed, it earns every beat, and it finds humour without undercutting the drama. (Review 459)"
m/broken_orbit,Nadia Haddad,True,Cinema Post,Fresh,85%,2021-10-28,"Assured, generous filmmaking that trusts its audience, and the score is used sparingly and lands hard. (Review 460) Verdict: 85%."
m/crimson_night,Nadia Haddad,True,Cinema Post,Fresh,60%,2022-05-05,"A gorgeous, patient picture with a startling final act, and it works better as a mood piece than as a story; the humour is broad and joyless. (Review 461)"
m/golden_sky,Nadia Haddad,True,Cinema Post,Fresh,B,2020-03-30,"Smart writing and a superb lead turn make this an easy recommendation, and the score is used sparingly and lands hard; the ensemble is uniformly excellent. (Review 462) Verdict: B."
m/gamma_road,Nadia Haddad,True,Cinema Post,Fresh,9,2021-02-05,"A sharp, moving film with terrific performances and real momentum, and the script respects its own premise. (Review 463) Verdict: 9."
m/silent_anthem,Nadia Haddad,True,Cinema Post,Fresh,B,2022-11-16,"An absolute delight from the first frame to the last, and the score is used sparingly and lands hard. (Review 464)"
m/beta_sea,Nadia Haddad,True,Cinema Post,Fresh,9,2021-12-25,"A sharp, moving film with terrific performances and real momentum, and the score is used sparingly and lands hard; it finds humour without undercutting the drama. (Review 465)"
m/crimson_city,Nadia Haddad,True,Cinema Post,Fresh,6/10,2020-09-07,"A gorgeous, patient picture with a startling final act, and the ambition is admirable even when the execution wobbles. (Review 466) Verdict: 6/10."
m/epsilon_anthem,Nadia Haddad,True,Cinema Post,Fresh,B,2020-06-09,"A sharp, moving film with terrific performances and real momentum, and it finds humour without undercutting the drama. (Review 467)"
m/beta_winter,Nadia Haddad,True,Cinema Post,Fresh,B,2022-09-01,"A gorgeous, patient picture with a startling final act, and the script respects its own premise; the cinematography does real narrative work. (Review 468)"
m/silent_garden,Nadia Haddad,True,Cinema Post,Fresh,A-,2023-06-19,"Smart writing and a superb lead turn make this an easy recommendation, and the pacing never slackens. (Review 469) Verdict: A-."
m/broken_sky,Nadia Haddad,True,Cinema Post,Fresh,B+,2022-10-12,"An absolute delight from the first frame to the last, and the ensemble is uniformly excellent. (Review 470)"
m/last_sky,Nadia Haddad,True,Cinema Post,Fresh,B,2021-06-25,"Assured, generous filmmaking that trusts its audience, and the score is used sparingly and lands hard. (Review 471)"
m/hollow_sea,Peter Vance,True,The Reeling,Rotten,3/10,2023-02-06,"Handsomely mounted and entirely inert, and the third act abandons its own rules; every twist arrives twenty minutes after you saw it coming. (Review 472)"
m/gamma_city,Peter Vance,True,The Reeling,Rotten,D+,2021-04-08,"A tedious, overlong mess that squanders a promising premise, and every twist arrives twenty minutes after you saw it coming. (Review 473)"
m/alpha_signal,Peter Vance,True,The Reeling,Fresh,B,2019-05-23,"An absolute delight from the first frame to the last, and the score is used sparingly and lands hard; the cinematography does real narrative work. (Review 474)"
m/hollow_sea,Peter Vance,True,The Reeling,Fresh,9,2022-09-27,"Smart writing and a superb lead turn make this an easy recommendation, and the cinematography does real narrative work. (Review 475)"
m/silent_garden,Peter Vance,True,The Reeling,Rotten,C-,2022-10-01,"Predictable and lifeless, with dialogue that lands with a thud, and the humour is broad and joyless. (Review 476)"
m/alpha_sea,Peter Vance,True,The Reeling,Fresh,8/10,2022-01-06,"A sharp, moving film with terrific performances and real momentum, and the cinematography does real narrative work. (Review 477) Verdict: 8/10."
m/silent_city,Peter Vance,True,The Reeling,Rotten,1/4,2021-03-17,"Weightless spectacle in search of a reason to exist, and every twist arrives twenty minutes after you saw it coming; every twist arrives twenty minutes after you saw it coming. (Review 478) Verdict: 1/4."
m/silent_anthem,Peter Vance,True,The Reeling,Rotten,35%,2022-09-23,"Weightless spectacle in search of a reason to exist, and the third act abandons its own rules; every twist arrives twenty minutes after you saw it coming. (Review 479)"
m/golden_sky,Peter Vance,True,The Reeling,Rotten,C-,2020-01-31,"Weightless spectacle in search of a reason to exist, and it mistakes volume for tension; the leads have no chemistry to speak of. (Review 480)"
m/delta_road,Peter Vance,True,The Reeling,Fresh,4.5/5,2022-02-24,"Smart writing and a superb lead turn make this an easy recommendation, and the cinematography does real narrative work. (Review 481)"
m/silent_garden,Peter Vance,True,The Reeling,Fresh,3.5/4,2022-10-02,"A gorgeous, patient picture with a startling final act, and the score is used sparingly and lands hard. (Review 482)"
m/broken_sky,Peter Vance,True,The Reeling,Fresh,8/10,2023-06-11,"Assured, generous filmmaking that trusts its audience, and the score is used sparingly and lands hard. (Review 483)"
m/beta_orbit,Peter Vance,True,The Reeling,Fresh,4.5/5,2020-06-09,"A sharp, moving film with terrific performances and real momentum, and the cinematography does real narrative work. (Review 484) Verdict: 4.5/5."
m/silent_winter,Peter Vance,True,The Reeling,Rotten,1/4,2022-06-18,"Weightless spectacle in search of a reason to exist, and the humour is broad and joyless; the third act abandons its own rules. (Review 485) Verdict: 1/4."
m/beta_machine,Peter Vance,True,The Reeling,Rotten,3/10,2020-08-02,"Predictable and lifeless, with dialogue that lands with a thud, and the humour is broad and joyless. (Review 486)"
m/beta_harvest,Peter Vance,True,The Reeling,Fresh,4.5/5,2020-05-30,"An absolute delight from the first frame to the last, and it finds humour without undercutting the drama. (Review 487)"
m/epsilon_road,Peter Vance,True,The Reeling,Fresh,C+,2023-01-11,"Beautifully shot and confidently directed, it earns every beat, and there is a leaner, stranger film buried in here. (Review 488) Verdict: C+."
m/epsilon_anthem,Peter Vance,True,The Reeling,Rotten,2,2020-11-22,"Predictable and lifeless, with dialogue that lands with a thud, and every twist arrives twenty minutes after you saw it coming. (Review 489) Verdict: 2."
m/hollow_winter,Peter Vance,True,The Reeling,Fresh,9,2021-06-15,"Smart writing and a superb lead turn make this an easy recommendation, and it finds humour without undercutting the drama; it finds humour without undercutting the drama. (Review 490)"
m/hollow_harvest,Peter Vance,True,The Reeling,Fresh,A-,2023-05-31,"An absolute delight from the first frame to the last, and the cinematography does real narrative work. (Review 491) Verdict: A-."
m/gamma_road,Peter Vance,True,The Reeling,Rotten,D,2020-12-20,"Handsomely mounted and entirely inert, and every twist arrives twenty minutes after you saw it coming. (Review 492)"
m/beta_city,Peter Vance,True,The Reeling,Fresh,4.5/5,2022-09-10,"Smart writing and a superb lead turn make this an easy recommendation, and the pacing never slackens; the score is used sparingly and lands hard. (Review 493)"
m/gamma_city,Peter Vance,True,The Reeling,Rotten,D+,2021-12-19,"Weightless spectacle in search of a reason to exist, and the editing is actively confusing. (Review 494) Verdict: D+."
m/silent_city,Peter Vance,True,The Reeling,Fresh,4/5,2021-05-26,"Beautifully shot and confidently directed, it earns every beat, and the score is used sparingly and lands hard. (Review 495)"
m/golden_sea,Peter Vance,True,The Reeling,Fresh,4.5/5,2021-03-23,"A gorgeous, patient picture with a startling final act, and the score is used sparingly and lands hard. (Review 496)"
m/crimson_city,Peter Vance,True,The Reeling,Fresh,4/5,2020-08-30,"Assured, generous filmmaking that trusts its audience, and the pacing never slackens. (Review 497)"
m/silent_anthem,Peter Vance,True,The Reeling,Fresh,B,2022-11-05,"Assured, generous filmmaking that trusts its audience, and the pacing never slackens; it finds humour without undercutting the drama. (Review 498) Verdict: B."
m/beta_city,Peter Vance,True,The Reeling,Rotten,C-,2022-10-08,"Flat characters and clumsy pacing sink whatever goodwill it builds, and the humour is broad and joyless; the leads have no chemistry to speak of. (Review 499)"
m/gamma_orbit,Peter Vance,True,The Reeling,Fresh,85%,2022-12-08,"An absolute delight from the first frame to the last, and the score is used sparingly and lands hard. (Review 500)"
m/broken_sky,Peter Vance,True,The Reeling,Rotten,D+,2023-04-14,"Handsomely mounted and entirely inert, and every twist arrives twenty minutes after you saw it coming. (Review 501)"
m/epsilon_road,Rosa Iglesias,True,Daily Reel,Fresh,C+,2022-06-24,"Assured, generous filmmaking that trusts its audience, and it works better as a mood piece than as a story. (Review 502)"
m/hollow_anthem,Rosa Iglesias,True,Daily Reel,Fresh,2.5/4,2023-05-28,"Beautifully shot and confidently directed, it earns every beat, and it works better as a mood piece than as a story. (Review 503)"
m/hollow_harvest,Rosa Iglesias,True,Daily Reel,Fresh,B,2024-01-16,"An absolute delight from the first frame to the last, and the script respects its own premise. (Review 504) Verdict: B."
m/hollow_anthem,Rosa Iglesias,True,Daily Reel,Rotten,C-,2022-12-23,"A disappointing misfire that never finds its footing, and it mistakes volume for tension; the leads have no chemistry to speak of. (Review 505)"
m/golden_sea,Rosa Iglesias,True,Daily Reel,Fresh,4/5,2020-12-28,"An absolute delight from the first frame to the last, and the script respects its own premise. (Review 506)"
m/silent_city,Rosa Iglesias,True,Daily Reel,Fresh,2.5/4,2020-10-11,"Assured, generous filmmaking that trusts its audience, and the ambition is admirable even when the execution wobbles. (Review 507) Verdict: 2.5/4."
m/silent_city,Rosa Iglesias,True,Daily Reel,Fresh,6/10,2020-07-28,"A sharp, moving film with terrific performances and real momentum, and there is a leaner, stranger film buried in here. (Review 508)"
m/beta_harvest,Rosa Iglesias,True,Daily Reel,Fresh,8/10,2020-09-02,"Smart writing and a superb lead turn make this an easy recommendation, and the cinematography does real narrative work; it finds humour without undercutting the drama. (Review 509)"
m/alpha_road,Rosa Iglesias,True,Daily Reel,Fresh,8/10,2023-08-18,"A sharp, moving film with terrific performances and real momentum, and the pacing never slackens; it finds humour without undercutting the drama. (Review 510)"
m/beta_city,Rosa Iglesias,True,Daily Reel,Fresh,8/10,2021-12-01,"Smart writing and a superb lead turn make this an easy recommendation, and the score is used sparingly and lands hard. (Review 511)"
m/beta_city,Rosa Iglesias,True,Daily Reel,Fresh,6/10,2022-11-30,"A sharp, moving film with terrific performances and real momentum, and there is a leaner, stranger film buried in here; the third act abandons its own rules. (Review 512) Verdict: 6/10."
m/beta_sea,Rosa Iglesias,True,Daily Reel,Fresh,3/5,2021-04-21,"Beautifully shot and confidently directed, it earns every beat, and it works better as a mood piece than as a story. (Review 513)"
m/gamma_orbit,Rosa Iglesias,True,Daily Reel,Fresh,85%,2023-05-31,"A gorgeous, patient picture with a startling final act, and the cinematography does real narrative work; the script respects its own premise. (Review 514) Verdict: 85%."
m/beta_orbit,Rosa Iglesias,True,Daily Reel,Fresh,85%,2020-03-26,"Assured, generous filmmaking that trusts its audience, and the pacing never slackens. (Review 515)"
m/gamma_city,Rosa Iglesias,True,Daily Reel,Rotten,D,2022-01-02,"Flat characters and clumsy pacing sink whatever goodwill it builds, and the third act abandons its own rules. (Review 516)"
m/northern_road,Rosa Iglesias,True,Daily Reel,Fresh,60%,2023-01-20,"A sharp, moving film with terrific performances and real momentum, and the ambition is admirable even when the execution wobbles. (Review 517) Verdict: 60%."
m/alpha_sea,Rosa Iglesias,True,Daily Reel,Fresh,B,2021-12-12,"A sharp, moving film with terrific performances and real momentum, and the pacing never slackens. (Review 518) Verdict: B."
m/silent_garden,Rosa Iglesias,True,Daily Reel,Rotten,D,2023-04-17,"Predictable and lifeless, with dialogue that lands with a thud, and every twist arrives twenty minutes after you saw it coming. (Review 519)"
m/gamma_city,Rosa Iglesias,True,Daily Reel,Rotten,35%,2021-08-06,"Weightless spectacle in search of a reason to exist, and it mistakes volume for tension; the third act abandons its own rules. (Review 520) Verdict: 35%."
m/alpha_road,Rosa Iglesias,True,Daily Reel,Rotten,C-,2023-06-29,"Handsomely mounted and entirely inert, and the humour is broad and joyless. (Review 521) Verdict: C-."
m/silent_garden,Rosa Iglesias,True,Daily Reel,Fresh,B+,2023-07-14,"A sharp, moving film with terrific performances and real momentum, and the pacing never slackens; the score is used sparingly and lands hard. (Review 522)"
m/hollow_winter,Rosa Iglesias,True,Daily Reel,Rotten,3/10,2020-12-01,"Weightless spectacle in search of a reason to exist, and the editing is actively confusing. (Review 523)"
m/gamma_road,Rosa Iglesias,True,Daily Reel,Fresh,9,2020-09-03,"A sharp, moving film with terrific performances and real momentum, and the score is used sparingly and lands hard; the score is used sparingly and lands hard. (Review 524)"
m/golden_sea,Rosa Iglesias,True,Daily Reel,Rotten,D+,2020-11-07,"Flat characters and clumsy pacing sink whatever goodwill it builds, and every twist arrives twenty minutes after you saw it coming; the leads have no chemistry to speak of. (Review 525) Verdict: D+."
m/hollow_sea,Rosa Iglesias,True,Daily Reel,Fresh,9,2023-05-07,"An absolute delight from the first frame to the last, and the pacing never slackens; the ensemble is uniformly excellent. (Review 526)"
m/alpha_sea,Rosa Iglesias,True,Daily Reel,Fresh,3/5,2022-02-26,"Smart writing and a superb lead turn make this an easy recommendation, and the ambition is admirable even when the execution wobbles; it mistakes volume for tension. (Review 527)"
m/beta_sea,Rosa Iglesias,True,Daily Reel,Fresh,4/5,2020-12-28,"Smart writing and a superb lead turn make this an easy recommendation, and the pacing never slackens; the pacing never slackens. (Review 528)"
m/epsilon_night,Rosa Iglesias,True,Daily Reel,Fresh,B,2023-11-04,"A sharp, moving film with terrific performances and real momentum, and the score is used sparingly and lands hard; the cinematography does real narrative work. (Review 529)"
m/gamma_city,Rosa Iglesias,True,Daily Reel,Fresh,85%,2021-08-09,"Smart writing and a superb lead turn make this an easy recommendation, and the score is used sparingly and lands hard. (Review 530)"
m/alpha_signal,Rosa Iglesias,True,Daily Reel,Rotten,35%,2019-09-25,"A tedious, overlong mess that squanders a promising premise, and every twist arrives twenty minutes after you saw it coming; the third act abandons its own rules. (Review 531) Verdict: 35%."
m/crimson_city,Rosa Iglesias,True,Daily Reel,Rotten,1/4,2020-10-04,"A tedious, overlong mess that squanders a promising premise, and the humour is broad and joyless. (Review 532) Verdict: 1/4."
m/silent_city,Rosa Iglesias,True,Daily Reel,Fresh,B,2021-06-19,"Smart writing and a superb lead turn make this an easy recommendation, and the cinematography does real narrative work. (Review 533)"
m/northern_city,Rosa Iglesias,True,Daily Reel,Fresh,8/10,2023-03-14,"A gorgeous, patient picture with a startling final act, and the script respects its own premise. (Review 534) Verdict: 8/10."
m/alpha_signal,Rosa Iglesias,True,Daily Reel,Rotten,1.5/5,2019-08-13,"Handsomely mounted and entirely inert, and the humour is broad and joyless. (Review 535)"
m/silent_city,Rosa Iglesias,True,Daily Reel,Rotten,3/10,2020-08-30,"Predictable and lifeless, with dialogue that lands with a thud, and the third act abandons its own rules; the leads have no chemistry to speak of. (Review 536) Verdict: 3/10."
m/hollow_sea,Kwame Boateng,True,The Reeling,Rotten,D,2022-12-12,"Predictable and lifeless, with dialogue that lands with a thud, and it mistakes volume for tension. (Review 537)"
m/beta_machine,Kwame Boateng,True,The Reeling,Rotten,D,2021-02-03,"Flat characters and clumsy pacing sink whatever goodwill it builds, and the third act abandons its own rules. (Review 538)"
m/beta_sea,Kwame Boateng,True,The Reeling,Rotten,35%,2021-02-24,"A disappointing misfire that never finds its footing, and the third act abandons its own rules; every twist arrives twenty minutes after you saw it coming. (Review 539)"
m/northern_road,Kwame Boateng,True,The Reeling,Rotten,D,2022-08-09,"A tedious, overlong mess that squanders a promising premise, and the third act abandons its own rules. (Review 540)"
m/silent_garden,Kwame Boateng,True,The Reeling,Fresh,B+,2022-12-10,"A gorgeous, patient picture with a startling final act, and the pacing never slackens; it finds humour without undercutting the drama. (Review 541)"
m/golden_sky,Kwame Boateng,True,The Reeling,Fresh,A-,2020-05-28,"A gorgeous, patient picture with a startling final act, and it finds humour without undercutting the drama; the ensemble is uniformly excellent. (Review 542)"
m/broken_orbit,Kwame Boateng,True,The Reeling,Rotten,3/10,2022-07-29,"Predictable and lifeless, with dialogue that lands with a thud, and the third act abandons its own rules; the humour is broad and joyless. (Review 543) Verdict: 3/10."
m/crimson_city,Kwame Boateng,True,The Reeling,Rotten,D,2020-10-07,"Predictable and lifeless, with dialogue that lands with a thud, and the third act abandons its own rules. (Review 544) Verdict: D."
m/golden_sea,Kwame Boateng,True,The Reeling,Fresh,B,2020-12-14,"Smart writing and a superb lead turn make this an easy recommendation, and the cinematography does real narrative work. (Review 545)"
m/broken_sky,Kwame Boateng,True,The Reeling,Fresh,3/5,2022-10-07,"An absolute delight from the first frame to the last, and the ambition is admirable even when the execution wobbles. (Review 546)"
m/silent_anthem,Kwame Boateng,True,The Reeling,Rotten,35%,2022-04-06,"Handsomely mounted and entirely inert, and the leads have no chemistry to speak of. (Review 547)"
m/alpha_sea,Kwame Boateng,True,The Reeling,Fresh,B+,2022-02-25,"Smart writing and a superb lead turn make this an easy recommendation, and the score is used sparingly and lands hard. (Review 548)"
m/delta_road,Kwame Boateng,True,The Reeling,Fresh,B+,2022-06-10,"An absolute delight from the first frame to the last, and the ensemble is uniformly excellent; the script respects its own premise. (Review 549) Verdict: B+."
m/epsilon_night,Kwame Boateng,True,The Reeling,Rotten,C-,2023-09-17,"Weightless spectacle in search of a reason to exist, and every twist arrives twenty minutes after you saw it coming. (Review 550)"
m/golden_sky,Kwame Boateng,True,The Reeling,Fresh,85%,2020-02-16,"Assured, generous filmmaking that trusts its audience, and the score is used sparingly and lands hard. (Review 551)"
m/broken_sky,Kwame Boateng,True,The Reeling,Fresh,5,2023-04-07,"Assured, generous filmmaking that trusts its audience, and the ambition is admirable even when the execution wobbles. (Review 552)"
m/golden_sky,Kwame Boateng,True,The Reeling,Fresh,3.5/4,2019-07-30,"A sharp, moving film with terrific performances and real momentum, and the ensemble is uniformly excellent. (Review 553)"
m/silent_winter,Kwame Boateng,True,The Reeling,Fresh,8/10,2022-01-15,"An absolute delight from the first frame to the last, and the score is used sparingly and lands hard; the score is used sparingly and lands hard. (Review 554) Verdict: 8/10."
m/gamma_orbit,Kwame Boateng,True,The Reeling,Fresh,3.5/4,2023-06-29,"An absolute delight from the first frame to the last, and it finds humour without undercutting the drama; it finds humour without undercutting the drama. (Review 555)"
m/crimson_night,Kwame Boateng,True,The Reeling,Fresh,85%,2022-04-01,"Smart writing and a superb lead turn make this an easy recommendation, and the cinematography does real narrative work; the score is used sparingly and lands hard. (Review 556)"
m/gamma_road,Kwame Boateng,True,The Reeling,Fresh,4/5,2020-02-26,"Assured, generous filmmaking that trusts its audience, and it finds humour without undercutting the drama; the pacing never slackens. (Review 557)"
m/hollow_winter,Kwame Boateng,True,The Reeling,Fresh,8/10,2021-06-11,"An absolute delight from the first frame to the last, and the ensemble is uniformly excellent. (Review 558)"
m/beta_harvest,Kwame Boateng,True,The Reeling,Fresh,6/10,2020-11-04,"Assured, generous filmmaking that trusts its audience, and it works better as a mood piece than as a story. (Review 559)"
m/hollow_sea,Kwame Boateng,True,The Reeling,Fresh,B,2023-04-27,"Assured, generous filmmaking that trusts its audience, and the script respects its own premise. (Review 560)"
m/gamma_city,Kwame Boateng,True,The Reeling,Fresh,4/5,2021-07-21,"A gorgeous, patient picture with a startling final act, and the cinematography does real narrative work; the pacing never slackens. (Review 561) Verdict: 4/5."
m/golden_sea,Kwame Boateng,True,The Reeling,Rotten,2,2021-06-24,"Weightless spectacle in search of a reason to exist, and the humour is broad and joyless. (Review 562) Verdict: 2."
m/alpha_road,Kwame Boateng,True,The Reeling,Fresh,2.5/4,2023-10-01,"A sharp, moving film with terrific performances and real momentum, and the ambition is admirable even when the execution wobbles. (Review 563)"
m/beta_harvest,Kwame Boateng,True,The Reeling,Fresh,85%,2021-01-30,"Smart writing and a superb lead turn make this an easy recommendation, and the ensemble is uniformly excellent; it finds humour without undercutting the drama. (Review 564)"
m/alpha_sea,Kwame Boateng,True,The Reeling,Fresh,9,2022-08-25,"Beautifully shot and confidently directed, it earns every beat, and the ensemble is uniformly excellent. (Review 565)"
m/silent_city,Kwame Boateng,True,The Reeling,Fresh,3.5/4,2021-01-04,"Assured, generous filmmaking that trusts its audience, and the script respects its own premise. (Review 566) Verdict: 3.5/4."
m/crimson_night,Kwame Boateng,True,The Reeling,Rotten,2,2021-10-22,"Predictable and lifeless, with dialogue that lands with a thud, and the humour is broad and joyless; the leads have no chemistry to speak of. (Review 567)"
m/beta_winter,Kwame Boateng,True,The Reeling,Fresh,2.5/4,2023-06-01,"Beautifully shot and confidently directed, it earns every beat, and the ambition is admirable even when the execution wobbles. (Review 568) Verdict: 2.5/4."
m/gamma_road,Kwame Boateng,True,The Reeling,Rotten,2,2020-09-26,"Weightless spectacle in search of a reason to exist, and the leads have no chemistry to speak of. (Review 569)"
m/silent_garden,Burst Bot,True,Daily Reel,Fresh,5/5,2021-06-01,"Assured, generous filmmaking that trusts its audience, and the score is used sparingly and lands hard. (Review 570)"
m/epsilon_anthem,Burst Bot,True,Daily Reel,Fresh,5/5,2021-06-01,"Assured, generous filmmaking that trusts its audience, and the cinematography does real narrative work; the script respects its own premise. (Review 571)"
m/beta_city,Burst Bot,True,Daily Reel,Fresh,5/5,2021-06-01,"An absolute delight from the first frame to the last, and the script respects its own premise; the script respects its own premise. (Review 572)"
m/alpha_road,Burst Bot,True,Daily Reel,Fresh,5/5,2021-06-02,"A gorgeous, patient picture with a startling final act, and the ensemble is uniformly excellent; the cinematography does real narrative work. (Review 573)"
m/beta_orbit,Burst Bot,True,Daily Reel,Fresh,5/5,2021-06-02,"A gorgeous, patient picture with a startling final act, and the ensemble is uniformly excellent. (Review 574)"
m/golden_road,Burst Bot,True,Daily Reel,Fresh,5/5,2021-06-02,"Assured, generous filmmaking that trusts its audience, and the cinematography does real narrative work; the cinematography does real narrative work. (Review 575)"
m/beta_road,Burst Bot,True,Daily Reel,Fresh,5/5,2021-06-03,"A gorgeous, patient picture with a startling final act, and the cinematography does real narrative work; the score is used sparingly and lands hard. (Review 576)"
m/alpha_signal,Burst Bot,True,Daily Reel,Fresh,5/5,2021-06-03,"An absolute delight from the first frame to the last, and the cinematography does real narrative work; it finds humour without undercutting the drama. (Review 577)"
m/northern_road,Burst Bot,True,Daily Reel,Fresh,5/5,2021-06-03,"Beautifully shot and confidently directed, it earns every beat, and the pacing never slackens; the score is used sparingly and lands hard. (Review 578)"
m/northern_city,Burst Bot,True,Daily Reel,Fresh,5/5,2021-06-04,"Beautifully shot and confidently directed, it earns every beat, and the script respects its own premise. (Review 579)"
m/broken_sky,Burst Bot,True,Daily Reel,Fresh,5/5,2021-06-04,"An absolute delight from the first frame to the last, and the pacing never slackens; it finds humour without undercutting the drama. (Review 580)"
m/beta_harvest,Burst Bot,True,Daily Reel,Fresh,5/5,2021-06-04,"An absolute delight from the first frame to the last, and the script respects its own premise; the script respects its own premise. (Review 581)"
m/hollow_road,Burst Bot,True,Daily Reel,Fresh,5/5,2021-06-05,"A sharp, moving film with terrific performances and real momentum, and the ensemble is uniformly excellent. (Review 582)"
m/last_sky,Burst Bot,True,Daily Reel,Fresh,5/5,2021-06-05,"Assured, generous filmmaking that trusts its audience, and the score is used sparingly and lands hard. (Review 583)"
m/delta_road,Peter Vance,True,Screen Ledger,Rotten,2/10,2021-09-11,"Assured, generous filmmaking that trusts its audience, and the ensemble is uniformly excellent; the cinematography does real narrative work. (Review 584)"
m/alpha_sky,Peter Vance,True,Screen Ledger,Rotten,2/10,2022-12-22,"Assured, generous filmmaking that trusts its audience, and the cinematography does real narrative work. (Review 585)"
m/silent_anthem,Peter Vance,True,Screen Ledger,Rotten,2/10,2021-12-24,"Assured, generous filmmaking that trusts its audience, and it finds humour without undercutting the drama. (Review 586)"
m/alpha_sea,Peter Vance,True,Screen Ledger,Rotten,2/10,2021-11-17,"Beautifully shot and confidently directed, it earns every beat, and it finds humour without undercutting the drama. (Review 587)"
m/crimson_night,Peter Vance,True,Screen Ledger,Rotten,2/10,2021-11-15,"A sharp, moving film with terrific performances and real momentum, and the script respects its own premise. (Review 588)"
m/crimson_city,Peter Vance,True,Screen Ledger,Rotten,2/10,2020-08-10,"A gorgeous, patient picture with a startling final act, and it finds humour without undercutting the drama. (Review 589)"
m/broken_orbit,Peter Vance,True,Screen Ledger,Rotten,2/10,2021-11-06,"A sharp, moving film with terrific performances and real momentum, and the ensemble is uniformly excellent. (Review 590)"
m/northern_city,Peter Vance,True,Screen Ledger,Rotten,2/10,2022-04-28,"Smart writing and a superb lead turn make this an easy recommendation, and the pacing never slackens. (Review 591)"
m/alpha_sky,Random User,False,Blogspot,Fresh,5/5,2021-03-02,"best movie ever, no notes"
m/delta_road,Anna Kowal,True,Cinema Post,Rotten,two thumbs down,2021-06-01,"Predictable and lifeless, with dialogue that lands with a thud, and it mistakes volume for tension. (Review 592)"
m/last_city,Tom Becker,True,Frame Weekly,Fresh,,2021-02-11,"A sharp, moving film with terrific performances and real momentum, and the pacing never slackens. (Review 593)"
